,feat_1f,feat_1d,feat_2f,feat_2d,feat_3f,feat_3d,feat_4f,feat_4d
0,2,3,2,5,2,2,3,1
1,1,2,2,1,2,2,5,5
2,1,2,3,1,2,2,5,5
3,1,3,2,2,2,2,5,4
4,1,2,2,2,2,3,4,4
5,1,3,2,2,3,2,5,5
6,1,2,2,1,3,2,5,4
7,2,2,2,2,2,2,5,4
8,4,1,4,2,5,3,3,4
9,2,2,2,2,2,2,4,4
10,1,3,1,1,1,1,3,1
11,1,1,2,1,2,2,5,5
12,3,4,3,4,4,3,5,3
13,1,2,2,1,2,1,5,5
14,2,2,2,2,2,2,4,5
15,2,2,2,1,2,2,5,4
16,2,2,2,2,2,2,5,5
17,1,2,1,1,2,2,5,5
18,1,2,2,1,3,3,5,4
19,1,2,2,1,5,5,3,4
20,5,3,2,3,3,4,3,3
21,5,4,2,3,3,4,3,3
22,4,2,2,3,4,2,5,4
23,1,2,3,1,2,3,5,5
24,5,4,5,4,5,5,4,3
25,2,2,2,1,2,3,5,5
26,1,2,2,1,3,1,5,5
27,5,5,1,5,5,1,4,2
28,3,3,4,1,1,3,5,1
29,1,2,2,1,2,2,5,5
30,2,2,3,1,2,2,5,5
31,5,1,1,5,5,4,2,4
32,1,2,2,2,2,2,5,5
33,1,2,2,1,2,2,5,5
34,5,2,1,3,5,5,1,3
35,2,3,2,1,2,2,5,5
36,1,1,3,1,2,2,5,5
37,1,2,2,1,2,2,5,5
38,1,3,2,1,5,3,4,2
39,2,2,2,2,2,2,5,4
40,1,2,2,1,3,1,5,5
41,1,2,2,2,2,2,5,4
42,1,2,1,1,3,3,5,5
43,5,5,1,2,1,1,3,3
44,1,2,2,1,3,2,5,5
45,2,2,3,1,2,2,5,5
46,1,2,2,1,3,2,4,5
47,4,4,2,4,4,4,2,4
48,1,3,2,1,2,2,5,4
49,1,2,2,1,2,2,5,5
50,5,1,2,5,2,2,2,4
51,1,2,2,1,2,2,5,5
52,1,2,1,2,2,2,5,5
53,1,3,1,1,2,2,5,5
54,1,1,3,1,2,2,5,5
55,1,2,2,2,2,2,5,4
56,1,2,2,1,2,3,5,5
57,1,3,3,1,3,2,5,5
58,4,2,2,3,4,2,1,3
59,1,1,2,1,2,2,5,5
60,2,2,2,1,2,2,5,5
61,1,2,3,1,2,2,5,5
62,1,5,4,3,5,3,5,2
63,1,2,2,1,2,2,5,4
64,1,2,2,1,2,1,5,4
65,1,2,1,1,2,2,5,5
66,1,2,2,1,2,3,5,5
67,5,2,1,3,3,4,3,5
68,1,1,2,1,2,2,5,5
69,1,2,2,1,2,2,5,5
70,1,2,3,1,3,2,5,5
71,4,3,1,4,2,4,1,3
72,1,3,2,1,3,2,5,5
73,1,2,2,1,2,1,5,5
74,1,4,3,1,3,4,4,2
75,1,2,2,1,2,2,4,5
76,1,2,3,1,2,2,5,5
77,1,2,2,1,2,2,5,5
78,4,1,5,1,1,3,2,5
79,2,2,1,1,2,2,5,5
80,1,2,1,1,2,2,5,5
81,2,5,5,4,1,5,1,5
82,1,2,2,1,2,3,5,5
83,1,1,2,1,2,2,5,5
84,1,2,2,1,2,2,4,5
85,4,2,1,3,5,5,3,3
86,2,2,1,1,2,3,5,5
87,1,2,2,2,3,2,5,5
88,1,2,1,1,2,2,5,5
89,1,2,3,1,3,2,5,5
90,1,2,1,1,2,2,5,5
91,1,2,2,1,3,2,4,5
92,1,2,2,1,3,2,5,5
93,5,2,1,3,3,3,1,3
94,1,2,2,2,3,2,5,5
95,1,2,2,2,2,1,5,4
96,1,3,2,1,3,2,5,5
97,1,1,2,1,2,2,4,5
98,4,3,4,5,5,3,2,4
99,2,3,2,2,2,2,5,5
100,1,2,2,1,2,2,5,5
101,1,2,3,1,3,2,5,5
102,1,2,1,1,2,2,5,5
103,3,3,1,1,4,1,5,3
104,2,1,5,3,1,4,5,3
105,1,2,2,1,2,2,5,5
106,1,2,2,2,2,2,5,4
107,5,4,5,4,4,2,2,4
108,1,1,2,1,3,2,4,5
109,1,3,2,2,2,2,5,4
110,1,1,2,2,2,2,5,5
111,1,1,2,1,3,2,5,5
112,3,4,5,4,5,2,5,4
113,3,1,2,1,3,1,1,4
114,1,2,2,1,3,2,5,5
115,1,2,2,1,3,2,4,5
116,2,2,2,1,2,2,5,5
117,1,2,2,1,2,2,5,5
118,1,2,2,1,3,2,5,5
119,2,2,2,4,3,3,2,1
120,1,2,2,1,2,2,4,5
121,4,2,2,1,3,5,3,1
122,2,3,5,3,2,5,4,1
123,2,1,1,1,2,2,5,5
124,2,2,2,1,2,2,5,4
125,1,2,2,2,2,2,5,4
126,1,2,2,1,3,2,5,5
127,1,2,3,1,3,2,5,5
128,3,4,4,2,2,5,2,4
129,1,2,2,1,3,3,5,5
130,1,2,2,2,2,2,5,4
131,2,5,1,5,1,4,1,1
132,1,2,2,1,3,2,5,5
133,1,2,2,1,3,3,5,5
134,1,1,2,1,3,2,5,5
135,2,3,1,1,4,4,5,3
136,1,2,2,1,2,2,5,5
137,1,3,1,1,2,2,5,5
138,1,2,2,1,2,2,5,5
139,1,2,2,1,2,3,5,5
140,1,2,1,1,2,2,5,5
141,1,1,2,2,3,2,5,4
142,4,5,4,2,5,3,2,2
143,1,2,3,2,3,2,5,4
144,2,2,2,1,2,2,5,5
145,2,2,2,1,2,2,5,5
146,2,2,4,1,1,1,4,2
147,1,2,2,1,3,2,5,5
148,1,1,2,2,3,2,5,4
149,1,2,2,1,2,3,5,5
150,3,1,1,2,5,1,5,5
151,1,2,2,1,3,3,5,5
152,2,2,2,1,2,2,5,5
153,1,2,2,1,2,2,5,5
154,3,4,3,4,2,4,1,5
155,1,2,2,2,2,2,5,4
156,1,2,3,1,2,2,5,5
157,5,2,1,4,3,4,2,5
158,2,3,2,1,2,2,5,5
159,1,2,2,1,2,2,5,5
160,1,2,2,2,2,3,5,4
161,1,2,2,1,3,2,5,4
162,1,2,2,1,3,2,5,5
163,1,2,2,1,3,1,4,5
164,1,2,2,1,2,2,5,5
165,1,2,2,1,2,3,5,5
166,4,3,2,1,2,3,2,3
167,1,2,1,1,2,2,5,4
168,2,2,2,1,2,2,5,5
169,1,3,1,2,2,5,4,1
170,1,2,2,2,2,2,5,4
171,1,2,1,2,3,2,5,4
172,1,1,2,1,3,2,5,5
173,1,1,2,2,2,2,5,5
174,1,2,2,1,2,2,5,5
175,1,3,2,1,2,2,4,5
176,1,2,2,1,3,2,4,5
177,1,2,2,1,2,2,5,5
178,1,2,2,1,3,2,5,5
179,1,2,2,1,3,2,5,4
180,1,3,4,1,5,1,4,1
181,1,5,3,3,4,4,1,2
182,1,3,2,2,3,2,5,4
183,1,2,2,1,3,2,5,5
184,2,3,2,1,2,2,5,4
185,1,2,2,1,2,3,5,5
186,1,2,2,1,3,2,5,5
187,1,2,2,1,2,1,5,5
188,1,2,2,1,3,3,5,5
189,1,2,2,1,2,1,4,5
190,3,1,2,3,5,2,1,1
191,3,5,4,4,5,2,4,1
192,1,1,2,2,2,2,5,5
193,1,4,3,4,4,3,5,2
194,1,3,2,1,3,2,5,4
195,1,2,2,1,2,2,5,5
196,1,2,2,1,2,3,5,5
197,3,2,1,1,5,2,1,1
198,1,2,2,1,2,2,5,5
199,1,2,2,1,2,2,5,4
200,1,2,1,1,2,1,5,5
201,1,2,2,1,3,1,4,5
202,1,2,2,1,2,3,5,4
203,2,2,2,1,2,3,5,5
204,1,2,2,1,2,2,5,5
205,1,2,2,2,3,2,5,5
206,3,5,4,2,3,4,5,2
207,2,2,2,1,2,2,5,5
208,1,1,3,1,2,2,5,5
209,1,5,3,1,3,5,5,4
210,1,5,2,1,4,4,2,5
211,1,2,2,2,3,2,5,4
212,1,2,2,1,2,1,5,5
213,1,2,2,1,2,1,4,5
214,2,2,2,1,2,1,5,5
215,1,2,2,1,3,3,5,5
216,1,2,2,1,3,2,5,5
217,1,2,2,2,2,2,5,4
218,1,3,3,1,2,2,5,5
219,1,3,2,1,3,2,5,5
220,2,3,4,3,5,3,1,5
221,1,3,2,2,3,2,5,4
222,1,2,3,2,2,2,5,5
223,1,2,2,1,2,2,5,4
224,1,3,3,1,3,2,5,5
225,2,5,1,3,5,2,2,3
226,1,1,2,2,2,2,4,4
227,1,2,2,2,2,2,5,5
228,2,2,1,1,2,2,5,5
229,1,2,2,1,3,3,5,5
230,1,3,2,2,2,2,5,5
231,1,2,2,2,2,1,5,5
232,2,2,2,2,2,2,5,4
233,1,2,2,1,2,2,5,5
234,1,2,1,1,2,1,5,4
235,2,2,2,1,2,1,5,5
236,1,2,3,2,2,2,5,5
237,1,2,2,1,3,2,5,5
238,1,2,2,1,2,2,5,5
239,1,2,2,1,2,2,5,4
240,1,2,2,1,2,1,5,5
241,1,2,2,1,2,2,5,5
242,1,2,2,1,3,3,5,5
243,1,2,2,1,2,2,4,5
244,1,2,2,2,2,3,5,5
245,1,3,2,5,5,2,5,1
246,4,2,4,1,4,2,5,5
247,1,1,4,2,3,5,1,1
248,3,1,1,2,5,2,3,2
249,1,2,2,1,2,2,5,5
250,2,2,2,1,2,2,5,4
251,2,2,1,1,5,4,2,5
252,3,2,5,2,1,5,5,5
253,2,4,2,5,4,1,3,3
254,1,3,2,4,1,3,5,4
255,3,2,4,2,3,2,2,1
256,1,2,2,1,3,2,5,5
257,2,2,2,1,2,2,4,4
258,1,2,2,1,2,3,5,5
259,2,2,2,1,2,2,5,5
260,1,1,2,1,3,2,5,5
261,1,3,2,1,2,2,5,5
262,2,2,2,2,2,2,5,5
263,1,2,2,1,2,2,5,5
264,1,3,3,1,3,2,5,5
265,1,2,3,1,2,2,5,5
266,1,1,2,1,2,2,5,5
267,1,5,4,3,1,1,1,3
268,1,1,2,1,2,2,5,5
269,1,4,5,4,4,3,4,4
270,1,2,2,1,2,2,5,4
271,1,3,3,5,4,2,5,4
272,1,2,2,1,2,1,5,5
273,1,2,2,1,2,2,5,4
274,2,2,2,1,2,3,5,5
275,1,2,2,1,2,1,5,5
276,1,2,2,1,2,2,5,4
277,1,4,3,2,4,1,4,5
278,1,2,2,1,2,1,5,5
279,1,2,2,2,2,2,5,4
280,1,2,2,1,3,2,5,5
281,1,2,2,1,3,3,5,5
282,2,2,1,1,2,2,5,5
283,1,2,2,1,3,2,5,5
284,1,2,2,1,2,2,5,5
285,1,3,2,2,2,2,5,4
286,1,2,2,1,3,2,5,5
287,2,2,2,2,2,3,5,5
288,1,2,2,1,2,2,5,5
289,2,2,3,2,2,2,5,4
290,1,2,2,1,2,2,5,5
291,1,2,2,1,3,3,5,5
292,1,2,2,1,3,2,5,5
293,2,5,3,1,3,5,2,5
294,2,2,1,2,2,2,5,5
295,1,2,2,1,2,2,5,5
296,1,2,2,1,3,2,5,5
297,2,2,1,1,2,2,5,5
298,1,2,1,2,2,1,5,5
299,3,4,2,5,4,1,2,4
300,1,3,1,1,2,2,5,5
301,2,2,2,1,2,2,5,5
302,2,2,2,1,2,2,5,5
303,3,1,3,1,1,5,2,2
304,2,2,2,1,2,2,5,5
305,2,2,2,1,2,3,4,5
306,1,2,2,2,2,2,5,5
307,1,2,2,2,2,2,5,5
308,2,2,2,1,2,2,5,5
309,1,2,3,1,2,2,5,5
310,2,2,1,2,2,2,5,5
311,2,2,2,1,2,2,5,5
312,1,2,2,1,2,2,5,5
313,2,2,3,5,1,5,2,1
314,1,2,3,1,3,2,5,5
315,1,1,2,1,2,2,5,5
316,2,1,3,1,2,2,5,5
317,1,2,1,1,3,2,5,5
318,1,4,3,1,2,1,3,3
319,3,5,2,2,1,3,2,3
320,1,2,2,1,3,2,4,5
321,1,2,2,2,3,2,5,5
322,1,2,1,1,2,2,5,5
323,1,2,1,2,3,3,5,4
324,1,1,2,1,2,2,5,5
325,1,2,2,2,3,3,5,5
326,1,2,3,1,2,2,5,5
327,1,2,2,1,2,2,5,5
328,1,2,2,4,2,5,4,2
329,3,5,1,1,2,3,1,3
330,2,2,2,1,2,2,5,5
331,1,2,2,1,2,1,5,4
332,2,3,2,2,2,2,4,5
333,1,5,2,1,1,2,4,4
334,2,2,2,2,2,1,5,4
335,1,2,2,1,3,2,5,5
336,5,1,3,3,5,3,4,3
337,1,2,2,1,2,3,5,5
338,2,3,2,2,2,2,5,4
339,2,2,2,1,2,2,5,5
340,1,2,2,1,3,2,5,5
341,2,1,1,2,2,2,5,4
342,1,2,2,1,2,2,5,5
343,1,3,2,1,2,2,5,5
344,1,1,1,1,3,2,5,5
345,2,2,2,1,2,3,5,5
346,2,1,4,1,3,4,5,4
347,1,3,1,2,3,2,5,5
348,2,1,3,1,2,2,5,5
349,3,4,1,4,5,2,5,2
350,5,3,4,1,4,2,4,5
351,4,3,4,2,1,2,3,2
352,2,2,1,1,2,2,5,5
353,1,5,3,4,1,1,5,2
354,1,2,1,1,2,2,5,4
355,1,2,1,1,2,2,5,5
356,1,2,2,1,2,2,5,5
357,2,4,3,1,1,2,4,3
358,2,2,1,1,2,1,5,5
359,2,2,2,1,2,2,5,5
360,1,3,2,1,2,2,5,5
361,5,3,5,3,1,5,4,3
362,1,2,2,1,2,2,5,5
363,1,2,2,1,2,2,5,5
364,5,4,5,5,4,2,3,4
365,1,4,1,4,3,2,4,3
366,2,1,1,1,2,2,5,5
367,1,2,2,1,2,1,5,5
368,1,3,2,1,2,2,5,4
369,1,2,2,1,2,2,5,5
370,1,2,1,1,2,2,5,5
371,1,2,2,1,3,1,5,5
372,2,2,3,2,2,2,5,5
373,1,2,2,1,2,2,5,5
374,1,2,2,2,3,2,5,5
375,1,2,2,1,2,2,5,5
376,2,5,4,4,4,5,5,5
377,2,2,2,1,2,2,5,5
378,1,2,2,1,2,1,5,5
379,1,2,3,1,2,2,5,5
380,1,2,2,1,2,2,5,5
381,1,2,1,1,2,3,5,4
382,2,1,4,1,3,2,3,1
383,1,2,2,1,3,2,5,5
384,1,2,2,1,3,3,5,5
385,3,1,5,2,3,5,4,3
386,1,2,2,1,2,2,5,5
387,1,5,4,2,1,3,3,1
388,2,2,2,1,2,2,4,5
389,2,2,2,2,2,2,5,4
390,2,3,1,1,2,2,5,5
391,1,2,2,1,2,3,5,5
392,1,2,2,1,3,2,5,5
393,1,2,2,1,2,3,5,5
394,1,2,2,1,3,1,5,5
395,2,2,3,1,2,1,5,5
396,1,3,2,1,3,2,5,5
397,1,2,2,1,3,3,5,5
398,1,1,3,1,3,2,5,5
399,1,2,1,2,2,3,5,4
400,5,4,5,5,4,2,3,2
401,2,2,2,1,2,2,4,4
402,3,4,4,3,2,1,1,4
403,1,2,3,1,2,3,5,5
404,1,2,3,1,2,2,5,4
405,1,2,2,1,2,2,4,5
406,5,3,1,1,3,2,1,2
407,1,2,2,1,3,1,5,5
408,1,2,2,2,2,3,5,5
409,1,3,2,1,3,2,5,5
410,2,2,2,1,2,2,5,5
411,1,2,2,1,2,2,5,5
412,1,2,2,1,2,2,5,5
413,1,2,2,1,2,2,5,5
414,1,2,1,1,2,2,5,5
415,1,2,2,1,2,2,5,4
416,1,2,2,2,3,2,5,4
417,1,2,2,1,3,2,5,4
418,1,3,2,1,2,2,5,5
419,1,2,2,1,2,2,5,5
420,1,2,1,1,2,2,5,5
421,1,2,2,1,2,1,5,5
422,2,3,2,1,2,2,5,5
423,2,2,1,1,2,2,5,5
424,1,2,3,5,5,5,3,4
425,1,2,2,1,3,2,5,5
426,2,3,2,1,2,2,5,5
427,1,2,2,2,3,2,5,5
428,1,2,1,1,2,2,5,4
429,2,2,2,1,2,2,4,5
430,1,1,2,1,3,2,5,5
431,1,3,2,1,3,2,5,5
432,1,2,2,2,2,2,5,5
433,1,2,2,1,2,3,4,5
434,1,2,2,2,2,2,5,4
435,3,4,5,5,5,1,4,5
436,2,3,1,4,4,1,2,5
437,2,2,2,1,2,2,5,5
438,1,1,2,1,3,2,5,4
439,1,2,1,1,4,1,1,2
440,1,1,1,2,2,2,5,5
441,1,2,2,1,2,2,5,5
442,1,2,3,1,2,2,5,5
443,1,2,2,1,2,2,5,4
444,2,2,2,2,2,2,5,4
445,1,3,1,5,5,2,3,1
446,2,2,2,2,2,2,5,5
447,2,1,3,1,2,2,5,4
448,1,2,2,1,2,2,5,5
449,1,2,2,1,3,2,5,5
450,2,2,2,1,2,2,5,5
451,2,2,2,1,2,2,5,4
452,4,3,4,3,3,1,2,5
453,1,2,3,1,2,3,5,5
454,1,2,2,1,3,1,4,5
455,2,2,2,1,2,2,5,5
456,1,2,2,1,3,2,5,5
457,1,2,1,2,2,2,5,4
458,1,2,2,1,2,2,4,4
459,3,5,3,2,3,5,4,5
460,2,2,2,1,2,1,5,5
461,4,4,4,3,2,3,3,3
462,1,2,2,1,2,2,5,5
463,1,2,2,1,2,2,5,4
464,1,2,2,1,3,1,5,4
465,1,2,2,2,2,2,5,4
466,1,2,3,1,2,2,5,5
467,1,1,2,1,2,2,4,5
468,1,2,2,1,3,3,4,4
469,1,2,3,1,3,2,5,5
470,1,2,3,2,2,2,5,5
471,1,2,1,1,2,2,5,5
472,1,3,2,1,2,2,5,5
473,1,2,2,1,2,2,5,5
474,1,2,2,1,2,2,5,5
475,2,1,1,5,3,1,3,4
476,2,1,3,5,4,1,1,4
477,1,3,2,1,2,2,4,5
478,2,2,2,1,2,2,5,5
479,1,2,2,1,2,2,4,5
480,2,2,2,1,2,2,5,4
481,1,1,3,2,3,2,2,2
482,1,2,2,2,2,2,4,4
483,2,2,2,1,2,2,5,5
484,2,2,2,2,2,2,5,5
485,1,2,3,1,2,2,5,5
486,1,2,2,1,3,2,5,5
487,1,2,2,1,3,2,5,5
488,5,3,5,2,5,1,2,2
489,1,2,2,1,2,2,5,5
490,1,2,3,2,2,2,5,5
491,1,2,2,1,2,2,4,5
492,1,2,2,2,3,2,4,5
493,1,2,2,1,3,2,5,5
494,1,2,2,2,2,3,4,4
495,1,2,2,1,3,2,5,4
496,1,1,1,5,5,4,1,5
497,1,2,2,1,3,2,5,5
498,2,2,2,1,2,3,5,5
499,1,2,2,1,2,3,5,4
500,1,2,2,1,2,2,5,5
501,1,2,2,1,3,2,5,5
502,1,2,2,1,3,2,5,5
503,2,2,2,2,2,1,4,5
504,1,2,2,1,2,2,5,5
505,1,2,2,1,2,2,5,5
506,1,2,2,2,3,2,5,5
507,5,4,4,1,3,2,2,5
508,1,3,3,1,2,2,5,5
509,2,2,1,1,2,2,5,5
510,1,3,2,1,3,2,5,5
511,1,2,2,1,2,2,5,5
512,1,2,2,1,3,3,5,5
513,1,2,2,1,2,2,5,5
514,2,3,2,1,2,2,5,5
515,1,2,2,1,2,2,4,5
516,1,2,2,1,3,2,5,5
517,2,2,4,1,5,1,3,5
518,1,2,2,2,2,1,5,5
519,1,2,1,1,2,2,5,5
520,2,2,2,1,2,2,5,5
521,1,3,1,1,2,2,5,5
522,2,2,2,1,2,2,5,5
523,2,1,2,1,2,2,5,5
524,1,2,2,1,2,2,5,5
525,1,2,1,1,2,2,5,5
526,1,1,2,1,3,2,5,5
527,1,2,2,2,2,2,5,5
528,1,5,4,2,1,2,1,4
529,2,2,2,1,2,2,5,5
530,1,2,2,2,2,3,5,4
531,2,2,2,1,2,2,5,5
532,5,4,5,4,4,2,5,5
533,5,4,4,3,1,4,2,2
534,1,2,2,1,3,2,4,5
535,3,4,4,2,1,2,1,2
536,4,1,3,3,2,1,3,4
537,1,2,2,1,3,2,5,5
538,2,3,2,2,1,4,3,1
539,1,2,3,1,2,2,5,5
540,1,1,2,1,3,2,5,5
541,5,1,2,2,5,1,5,2
542,3,5,2,5,4,3,4,2
543,1,2,2,2,2,2,4,4
544,2,2,2,1,2,2,5,5
545,1,2,2,2,3,3,5,5
546,2,5,5,3,4,3,4,3
547,1,3,2,1,3,2,4,5
548,1,3,2,1,2,2,5,4
549,1,2,3,1,2,2,5,5
550,1,2,2,1,2,2,5,5
551,2,3,2,1,2,2,5,5
552,1,2,2,1,2,3,5,5
553,1,2,1,1,2,1,5,5
554,1,2,2,2,2,2,5,5
555,1,2,1,1,3,2,5,5
556,1,2,1,1,2,2,5,5
557,1,1,5,4,3,5,3,5
558,1,2,2,1,2,2,5,5
559,5,5,4,2,4,3,1,4
560,1,2,2,1,2,3,5,5
561,1,2,2,1,2,2,5,5
562,1,2,2,1,2,2,5,4
563,2,2,5,3,1,5,5,2
564,1,2,2,1,2,2,5,4
565,1,2,1,1,2,2,5,5
566,1,2,2,1,2,2,5,5
567,3,3,4,2,2,1,4,1
568,1,2,2,1,2,2,5,5
569,2,2,2,1,2,3,5,4
570,1,2,2,1,3,1,5,5
571,4,4,1,3,2,3,1,1
572,1,2,2,1,2,1,4,5
573,1,2,2,1,3,2,4,5
574,1,1,2,1,2,2,5,5
575,1,2,2,1,3,2,5,5
576,1,1,3,1,3,2,5,5
577,1,2,2,1,2,2,5,5
578,1,2,2,1,3,2,5,5
579,1,2,2,1,3,2,5,5
580,1,2,2,1,2,1,5,5
581,2,2,2,1,2,2,5,5
582,1,2,2,1,2,2,5,5
583,4,5,5,3,5,3,1,2
584,1,3,3,1,2,2,5,5
585,1,2,2,2,3,2,4,5
586,1,2,2,1,2,2,5,5
587,2,1,2,2,2,2,5,4
588,5,4,1,2,5,2,4,3
589,1,2,2,1,2,2,5,5
590,2,2,3,1,2,3,5,5
591,1,2,2,2,3,2,5,4
592,1,1,2,1,2,2,4,4
593,2,2,3,1,2,3,5,5
594,2,2,2,1,2,2,4,5
595,2,1,5,1,2,5,2,3
596,1,2,2,1,2,2,5,5
597,1,2,2,1,3,2,4,5
598,1,1,2,1,2,2,4,5
599,1,2,2,2,2,2,5,5
600,3,2,4,3,4,4,4,4
601,1,1,3,4,4,2,5,2
602,1,2,2,1,3,2,4,5
603,1,2,2,1,2,2,5,5
604,5,1,3,4,4,4,5,5
605,2,2,2,1,2,2,5,5
606,1,2,2,1,2,2,5,4
607,2,2,2,1,2,2,5,5
608,1,2,2,1,3,2,5,5
609,2,3,2,2,2,2,5,5
610,1,2,2,1,3,2,5,5
611,1,2,2,2,2,3,5,5
612,2,3,2,2,2,2,5,4
613,1,2,2,2,2,1,5,5
614,1,3,2,1,2,2,5,4
615,1,1,2,1,2,2,5,5
616,1,1,2,1,2,2,5,5
617,2,3,3,1,2,2,5,5
618,2,2,2,1,2,2,5,5
619,1,2,2,1,3,2,5,5
620,1,1,3,1,3,2,5,5
621,1,2,2,2,3,2,5,5
622,1,2,2,2,3,2,5,4
623,1,4,1,1,2,5,4,2
624,1,3,4,3,5,5,4,5
625,1,2,3,1,3,2,5,5
626,1,2,2,1,2,2,5,5
627,1,2,2,1,3,2,5,5
628,1,2,2,1,3,1,5,5
629,1,2,2,1,2,2,5,5
630,1,2,3,1,2,2,5,5
631,1,2,2,1,2,2,5,5
632,1,2,2,1,2,2,5,4
633,1,2,1,1,2,2,5,5
634,5,5,1,2,3,1,4,2
635,1,2,1,1,2,3,5,4
636,1,2,2,1,3,2,5,5
637,1,2,2,1,2,2,5,4
638,1,2,1,1,3,2,5,5
639,1,2,2,1,3,2,5,5
640,1,3,2,1,2,2,5,5
641,1,2,2,1,2,2,5,5
642,1,1,3,2,2,2,5,5
643,2,1,2,1,2,2,5,5
644,1,2,2,2,3,3,5,4
645,1,2,2,2,3,2,5,5
646,1,2,2,1,3,2,4,5
647,2,1,4,1,4,5,5,1
648,1,2,2,1,2,2,4,5
649,1,2,2,1,2,2,5,4
650,1,2,2,1,2,2,4,5
651,3,4,2,1,4,3,5,3
652,4,3,3,4,5,2,1,5
653,1,1,2,2,3,2,5,4
654,3,1,3,1,3,4,5,1
655,1,3,2,1,2,2,5,5
656,5,2,5,4,4,5,2,2
657,2,2,2,1,2,3,5,5
658,1,2,2,1,3,1,4,5
659,1,3,1,1,3,2,5,5
660,1,2,4,3,1,1,3,5
661,2,2,2,1,2,2,5,4
662,1,1,1,3,1,2,4,1
663,1,2,2,1,3,2,5,4
664,1,2,2,1,2,2,5,5
665,1,2,3,1,2,1,5,5
666,1,1,2,1,3,2,5,5
667,2,2,1,1,2,2,5,5
668,4,4,3,5,2,2,1,2
669,1,2,2,1,3,3,4,5
670,1,2,2,1,3,2,5,5
671,2,2,2,1,2,3,5,4
672,1,2,2,1,3,1,5,5
673,1,2,2,1,2,3,5,5
674,2,2,2,2,2,2,5,5
675,1,3,2,1,2,2,5,5
676,1,1,2,1,3,2,5,5
677,1,2,2,1,2,2,5,5
678,5,5,1,1,4,3,3,1
679,2,2,2,1,2,2,4,5
680,4,3,2,5,4,5,5,5
681,1,1,2,1,2,2,5,5
682,5,1,4,3,2,2,2,2
683,2,2,2,1,2,2,5,5
684,1,2,2,2,3,2,5,5
685,2,2,2,1,2,2,5,5
686,1,2,2,1,2,2,5,5
687,3,1,4,1,5,5,4,4
688,2,2,2,1,2,1,5,5
689,1,2,2,1,2,2,5,5
690,1,1,1,1,2,2,5,5
691,2,3,2,1,2,2,5,5
692,1,1,2,2,3,2,5,4
693,2,2,1,2,2,2,5,4
694,2,2,3,1,2,2,5,4
695,1,4,3,3,3,5,4,1
696,1,3,3,1,2,2,5,5
697,1,1,2,1,2,2,5,5
698,2,2,2,2,2,1,5,5
699,1,3,2,1,3,2,5,5
700,1,2,2,2,2,2,5,5
701,2,2,2,1,2,1,5,5
702,1,2,2,1,2,2,5,4
703,2,4,1,3,5,3,1,1
704,5,1,4,3,3,3,5,5
705,5,2,5,1,2,5,5,4
706,2,2,2,1,2,1,5,5
707,1,2,2,1,2,2,5,5
708,1,3,2,1,2,2,5,5
709,4,3,5,2,5,1,3,3
710,2,2,2,1,2,2,5,5
711,1,2,1,1,3,2,5,5
712,1,2,2,1,3,1,5,5
713,1,3,2,1,2,2,5,5
714,2,2,3,1,2,3,5,5
715,2,2,2,2,2,1,5,4
716,2,2,2,1,2,2,5,5
717,4,4,4,5,3,4,3,2
718,5,4,2,5,1,2,3,5
719,2,2,3,2,2,2,5,5
720,2,1,2,2,2,2,5,4
721,1,2,2,2,3,2,5,5
722,1,2,3,1,2,2,5,5
723,2,3,2,2,2,2,5,4
724,2,3,3,3,1,4,4,5
725,1,4,1,3,2,5,5,1
726,2,2,2,1,2,2,4,5
727,1,2,2,1,2,2,5,5
728,1,2,2,1,2,2,5,4
729,1,2,3,1,3,2,5,4
730,2,2,2,1,2,2,5,5
731,1,2,2,1,2,2,5,5
732,1,4,2,2,1,3,1,3
733,1,2,2,2,2,2,5,4
734,2,2,2,1,2,2,5,5
735,1,2,2,2,2,2,5,4
736,2,5,2,4,3,3,3,5
737,1,3,2,1,3,2,5,5
738,2,2,2,1,2,2,5,5
739,5,2,3,1,3,4,1,1
740,1,2,2,1,3,1,5,5
741,4,2,2,1,4,3,1,5
742,2,4,4,4,3,4,1,2
743,1,2,2,1,2,1,5,5
744,1,2,2,1,3,3,4,5
745,1,2,2,2,2,1,5,5
746,1,2,3,2,2,2,5,5
747,1,3,1,1,3,2,5,5
748,1,2,2,1,2,3,5,5
749,4,4,4,1,4,4,5,3
750,1,2,2,2,2,2,4,4
751,1,2,1,1,2,1,5,5
752,1,2,2,1,2,1,5,5
753,1,2,2,2,3,2,5,5
754,1,2,2,1,2,3,5,5
755,1,1,2,1,2,2,5,5
756,1,2,2,1,2,2,5,5
757,2,2,2,2,2,2,5,4
758,2,2,2,1,2,2,5,5
759,2,2,3,2,2,2,5,5
760,2,2,3,1,2,2,5,5
761,1,2,2,1,2,2,5,5
762,1,3,3,1,2,2,5,5
763,1,2,2,2,2,1,5,5
764,1,2,2,1,2,2,5,5
765,1,2,3,1,2,2,5,5
766,1,3,2,1,2,2,5,5
767,1,2,2,1,3,2,5,4
768,1,2,1,1,2,3,5,5
769,2,2,2,2,2,3,5,5
770,1,1,2,1,2,2,5,5
771,1,2,3,1,3,3,5,5
772,1,2,2,1,2,3,5,5
773,1,5,3,4,4,5,1,2
774,1,2,2,1,2,2,5,5
775,1,2,2,1,3,2,5,5
776,1,2,2,1,2,2,5,5
777,2,2,2,1,2,2,5,4
778,2,2,2,1,2,2,5,5
779,2,1,2,1,2,2,5,4
780,1,2,1,2,3,3,5,5
781,1,2,2,1,2,2,5,5
782,2,2,2,1,2,1,5,5
783,1,2,2,1,3,2,5,5
784,1,3,2,2,2,2,5,4
785,2,2,1,1,2,2,5,5
786,2,2,2,1,2,3,5,5
787,1,2,2,1,2,2,5,5
788,1,3,1,1,3,2,5,5
789,1,2,2,2,2,2,4,4
790,1,2,2,1,2,2,4,4
791,1,2,2,1,2,3,5,5
792,1,2,2,2,2,1,5,4
793,5,3,5,3,1,4,4,1
794,2,1,2,1,2,2,5,5
795,1,2,3,1,2,2,5,5
796,1,2,1,1,2,2,5,5
797,1,2,2,2,3,2,5,5
798,1,2,2,1,3,3,5,5
799,2,2,2,1,2,1,5,5
800,5,5,3,4,5,1,4,3
801,1,2,2,1,2,1,5,5
802,1,2,2,1,2,3,5,4
803,2,2,2,2,2,2,5,5
804,1,2,2,1,2,2,5,5
805,1,1,2,1,3,2,5,5
806,2,2,2,2,2,2,5,4
807,3,2,1,4,5,4,2,5
808,1,2,2,1,2,1,4,5
809,1,2,2,1,2,1,5,5
810,4,1,1,1,4,4,5,1
811,1,1,2,2,3,2,5,4
812,1,1,2,1,2,2,5,5
813,1,2,3,1,3,2,5,5
814,1,2,2,1,2,2,5,5
815,1,2,2,1,2,2,5,5
816,1,3,2,1,2,2,5,4
817,1,2,1,1,2,2,5,5
818,1,2,2,2,2,1,5,4
819,2,2,1,1,2,2,5,5
820,2,2,2,1,2,2,5,5
821,2,2,2,1,2,2,5,5
822,1,2,2,1,2,2,5,5
823,1,2,3,1,3,2,5,5
824,1,2,3,1,3,3,5,5
825,2,2,2,1,2,2,5,5
826,4,1,4,1,2,1,4,5
827,1,2,2,1,2,2,5,5
828,1,2,3,1,2,2,5,4
829,1,2,2,1,3,2,5,5
830,1,5,4,4,1,1,2,1
831,4,2,1,5,4,5,5,4
832,1,1,2,1,2,2,5,5
833,1,2,3,1,2,2,5,5
834,1,2,2,1,2,2,5,5
835,4,2,3,3,2,4,5,2
836,2,5,2,4,2,4,4,1
837,1,2,1,1,2,2,5,5
838,3,2,1,3,3,5,3,4
839,5,3,2,3,3,4,1,1
840,1,2,2,1,2,2,5,5
841,1,2,2,1,2,2,5,5
842,2,2,2,1,2,2,5,4
843,1,2,3,1,2,3,5,5
844,2,2,2,2,2,2,5,5
845,1,2,2,1,2,2,5,5
846,1,3,2,1,2,2,4,5
847,2,2,2,1,2,1,5,5
848,2,2,2,1,2,2,5,5
849,1,2,2,1,2,3,4,4
850,1,3,2,1,3,2,5,5
851,1,2,2,2,2,2,4,5
852,1,2,2,1,3,2,5,5
853,2,3,3,5,5,2,5,1
854,1,2,2,1,3,2,5,5
855,1,1,2,2,2,2,5,5
856,4,3,2,1,3,5,5,4
857,1,1,3,1,2,2,5,4
858,1,1,5,5,1,1,1,1
859,1,1,2,1,2,2,4,4
860,2,2,2,1,2,1,5,5
861,3,5,3,4,5,1,2,4
862,1,2,2,2,2,2,5,4
863,4,1,3,3,5,5,4,2
864,1,3,2,1,2,2,5,4
865,3,3,4,3,1,5,4,1
866,2,2,2,1,2,2,5,5
867,2,1,3,1,2,2,5,5
868,2,1,2,1,2,2,5,5
869,4,5,2,4,4,5,5,3
870,2,2,2,1,2,2,5,5
871,2,2,2,1,2,2,5,4
872,1,2,1,1,2,2,5,5
873,2,1,2,1,2,2,5,4
874,2,2,2,1,2,2,5,4
875,2,2,3,1,2,3,5,5
876,1,1,2,1,2,2,5,5
877,1,2,3,1,2,2,5,5
878,1,1,2,1,3,2,4,5
879,1,2,2,1,2,1,5,5
880,1,1,2,1,2,2,5,5
881,1,2,2,1,3,2,5,5
882,2,2,2,2,2,1,5,4
883,1,2,4,1,4,5,4,2
884,2,3,5,4,1,3,1,5
885,1,3,2,1,2,2,5,5
886,1,1,2,1,3,2,4,5
887,1,2,2,1,2,2,5,5
888,4,2,4,3,2,5,3,5
889,1,2,2,1,2,1,4,5
890,4,5,5,4,3,3,2,5
891,1,2,2,1,2,1,5,5
892,2,2,2,1,2,2,5,5
893,1,2,3,1,3,2,5,5
894,3,1,1,2,3,1,4,3
895,1,2,2,1,3,2,5,5
896,1,2,2,1,2,2,5,5
897,2,2,2,2,2,2,5,4
898,1,2,2,1,2,1,5,4
899,1,1,2,2,3,2,5,4
900,1,2,2,1,2,1,5,5
901,1,2,3,1,2,2,5,4
902,2,3,2,2,2,2,5,4
903,1,3,3,1,3,2,5,5
904,1,1,2,1,3,2,5,5
905,1,2,2,2,3,2,5,4
906,1,2,1,2,3,2,5,5
907,1,2,2,1,3,2,5,4
908,1,2,2,1,2,2,5,4
909,1,2,3,2,2,2,5,5
910,3,4,1,1,2,1,5,3
911,2,2,2,1,2,2,5,5
912,1,2,2,1,2,3,5,5
913,3,3,2,4,1,5,3,3
914,2,2,2,1,2,1,5,5
915,1,2,2,1,2,3,5,5
916,1,3,2,1,2,2,5,5
917,1,2,2,1,2,2,4,5
918,1,3,2,1,2,2,5,5
919,1,2,2,1,2,2,5,5
920,2,3,2,1,2,2,5,5
921,4,3,5,2,1,2,5,5
922,1,2,2,1,2,2,4,5
923,1,2,2,1,2,2,5,5
924,1,2,2,1,2,2,4,4
925,3,2,1,2,3,2,1,3
926,1,2,2,1,2,1,5,4
927,2,1,2,1,2,2,5,5
928,1,2,2,1,2,2,5,5
929,5,4,5,4,2,3,4,3
930,2,2,2,1,2,1,5,5
931,1,1,1,1,3,2,5,5
932,2,2,2,1,2,2,5,5
933,2,3,2,2,2,2,4,4
934,3,1,4,2,5,3,5,4
935,4,4,5,2,2,5,4,5
936,1,4,5,2,1,2,5,5
937,1,2,2,1,3,2,5,5
938,2,2,2,1,2,1,4,5
939,1,2,2,1,2,2,5,5
940,4,1,2,1,5,1,1,1
941,1,3,1,1,2,2,5,5
942,1,2,2,1,2,2,4,5
943,5,3,3,5,5,4,5,5
944,1,1,2,1,2,2,4,5
945,1,2,2,1,2,2,5,5
946,2,1,2,1,2,2,5,5
947,4,2,2,2,4,5,3,1
948,5,5,5,4,2,2,4,4
949,3,5,4,1,5,2,4,4
950,2,2,3,1,2,2,5,5
951,2,2,2,1,2,2,5,5
952,1,2,2,1,3,2,5,5
953,2,2,2,1,2,3,5,5
954,1,3,2,1,2,2,5,5
955,1,2,2,1,2,1,5,4
956,2,2,2,1,2,3,5,5
957,3,1,1,4,2,3,2,1
958,1,2,2,1,3,2,5,5
959,1,2,2,1,2,1,5,5
960,1,2,2,1,2,2,5,5
961,1,2,2,2,3,2,5,5
962,1,2,2,1,2,2,5,5
963,2,2,2,1,2,2,5,5
964,1,3,1,1,3,2,5,5
965,1,2,2,1,3,2,5,5
966,1,2,4,2,3,3,3,4
967,1,2,2,1,2,2,5,4
968,1,2,2,1,3,3,5,5
969,1,2,1,1,2,2,5,5
970,1,2,1,2,3,2,5,5
971,1,1,2,2,2,2,5,5
972,1,1,2,1,2,2,5,5
973,3,2,1,2,2,2,5,5
974,1,3,3,2,3,2,5,4
975,1,2,2,1,3,3,5,5
976,2,2,2,1,2,2,5,5
977,2,2,2,1,2,2,4,5
978,1,2,2,1,3,2,4,5
979,1,2,2,1,3,1,5,5
980,2,2,2,1,2,2,5,5
981,1,2,2,1,2,2,4,5
982,1,2,2,1,3,1,4,5
983,2,1,2,2,5,2,2,4
984,2,2,3,1,2,2,5,4
985,1,2,2,2,3,2,5,5
986,1,2,2,1,2,3,5,5
987,2,1,2,1,2,2,5,5
988,1,1,2,1,2,2,5,5
989,2,2,3,2,2,2,5,5
990,5,5,2,5,5,5,1,5
991,1,2,3,1,2,2,5,5
992,1,2,2,1,3,2,5,5
993,4,1,2,1,1,5,4,4
994,1,2,2,1,3,2,5,5
995,1,2,2,1,3,2,5,5
996,3,5,4,1,3,2,3,3
997,1,3,2,1,2,2,5,5
998,3,2,1,5,5,2,3,5
999,1,2,2,2,3,2,5,4
1000,1,2,2,1,2,2,5,5
1001,1,3,4,5,3,3,1,5
1002,3,2,4,5,2,4,2,3
1003,1,1,2,2,3,2,5,5
1004,2,3,2,1,2,2,5,5
1005,1,2,2,1,2,2,5,4
1006,1,2,2,1,2,2,5,5
1007,1,2,2,1,2,2,5,5
1008,1,2,2,1,2,1,5,5
1009,2,3,2,1,2,2,4,5
1010,1,4,5,1,2,5,2,2
1011,5,4,1,2,3,5,3,4
1012,2,2,2,1,2,2,5,5
1013,1,3,2,1,2,2,5,5
1014,2,2,2,1,2,3,5,5
1015,2,5,1,2,4,1,2,1
1016,1,2,2,2,2,2,5,4
1017,2,2,2,1,2,2,5,5
1018,3,3,1,1,4,4,4,2
1019,1,2,3,1,3,3,5,5
1020,1,2,2,2,2,2,5,5
1021,2,2,2,1,2,2,5,5
1022,1,2,2,1,3,2,5,5
1023,1,2,2,1,2,2,5,5
1024,1,2,2,1,2,2,5,5
1025,1,2,3,2,3,1,5,5
1026,1,2,2,2,2,2,5,4
1027,2,2,1,1,2,2,5,5
1028,4,2,3,5,4,3,1,5
1029,2,2,1,1,2,2,5,5
1030,2,2,3,1,2,2,5,5
1031,1,1,2,1,3,2,5,5
1032,1,2,2,1,2,3,5,5
1033,1,2,2,1,3,2,4,5
1034,1,2,2,1,3,3,5,5
1035,1,2,2,1,3,2,5,5
1036,1,1,2,1,2,2,4,4
1037,1,2,3,1,2,2,5,5
1038,1,2,1,1,2,2,5,5
1039,1,3,2,2,2,2,4,5
1040,3,4,4,3,4,1,5,2
1041,2,2,2,1,2,3,5,5
1042,1,2,5,1,2,2,1,1
1043,4,1,4,3,2,4,2,1
1044,1,2,2,1,2,2,5,5
1045,1,2,2,1,2,2,4,5
1046,1,2,2,1,2,2,5,5
1047,1,2,2,1,3,2,5,5
1048,2,2,3,1,2,3,5,4
1049,1,2,2,2,2,3,4,4
1050,1,2,2,1,2,2,5,5
1051,1,3,2,1,2,2,5,4
1052,1,2,2,1,2,2,4,5
1053,2,3,2,1,2,2,5,5
1054,1,2,2,1,2,2,5,5
1055,1,2,2,1,2,1,5,5
1056,3,3,5,1,3,3,2,1
1057,1,2,2,1,2,1,5,5
1058,2,2,2,1,2,2,5,5
1059,1,2,1,1,2,2,5,5
1060,1,1,2,2,2,2,5,5
1061,1,2,2,1,2,2,4,5
1062,2,2,2,1,2,2,4,5
1063,2,2,2,1,2,3,5,5
1064,1,2,2,1,2,2,5,4
1065,2,2,2,1,2,2,4,5
1066,1,2,2,1,3,2,5,4
1067,1,2,2,1,3,2,5,5
1068,1,1,2,1,3,2,5,5
1069,2,1,2,1,2,2,5,5
1070,2,5,1,5,3,5,3,5
1071,1,2,3,1,2,2,5,4
1072,1,1,2,1,2,2,5,5
1073,1,2,2,1,2,2,5,5
1074,1,2,2,1,2,1,5,5
1075,1,2,2,1,2,3,5,5
1076,1,3,3,1,2,2,5,4
1077,1,2,2,1,3,2,5,5
1078,5,1,1,4,5,5,2,2
1079,1,2,2,1,2,3,4,5
1080,2,3,2,1,2,2,5,5
1081,1,2,2,1,2,2,5,5
1082,1,2,2,1,2,2,5,4
1083,2,2,2,1,2,1,5,5
1084,1,2,2,1,2,2,5,5
1085,2,2,2,1,2,2,5,5
1086,1,1,2,1,2,2,5,5
1087,4,1,2,4,4,2,5,1
1088,1,2,2,1,3,2,5,5
1089,1,1,3,2,2,2,5,4
1090,2,2,2,1,2,3,5,5
1091,2,2,2,1,2,2,5,5
1092,1,2,2,1,2,2,4,5
1093,1,2,3,1,2,2,5,5
1094,1,5,3,1,3,5,3,2
1095,1,2,2,2,2,2,5,4
1096,1,2,2,1,2,3,5,5
1097,1,2,2,2,2,2,4,5
1098,1,2,2,1,2,2,5,5
1099,1,2,2,2,3,2,5,4
1100,1,2,1,2,2,2,5,4
1101,3,2,5,1,4,3,3,4
1102,1,1,3,1,3,2,5,5
1103,1,1,5,2,1,2,1,2
1104,1,2,2,1,2,2,4,5
1105,1,3,2,2,3,2,5,5
1106,1,2,2,1,2,2,5,4
1107,1,2,2,2,2,2,5,4
1108,2,1,5,4,4,5,5,5
1109,1,2,2,2,2,2,5,4
1110,1,2,1,1,2,2,5,5
1111,2,2,2,1,2,2,5,5
1112,5,1,1,2,3,5,4,3
1113,2,2,3,1,2,2,5,5
1114,1,2,2,1,3,2,5,5
1115,5,4,5,3,5,2,5,5
1116,1,2,2,1,2,2,5,5
1117,1,2,2,2,3,2,5,4
1118,1,2,2,2,2,2,4,4
1119,1,2,2,1,2,2,5,5
1120,1,2,2,2,2,2,5,4
1121,1,2,2,1,2,2,4,5
1122,1,2,2,1,2,2,5,5
1123,2,3,2,1,2,2,5,5
1124,1,2,1,1,3,2,5,5
1125,1,3,2,1,2,2,5,5
1126,1,2,2,1,3,2,5,5
1127,1,3,2,2,2,2,5,4
1128,1,2,3,1,2,2,5,5
1129,2,4,4,3,4,3,3,5
1130,5,1,4,3,5,2,1,4
1131,2,1,1,1,4,4,1,1
1132,1,2,2,1,2,2,5,5
1133,1,2,1,1,3,3,5,5
1134,1,2,2,1,2,2,4,4
1135,1,2,3,1,2,2,5,5
1136,2,2,2,2,2,2,5,5
1137,1,1,2,2,2,2,5,5
1138,2,1,2,1,2,2,5,5
1139,1,2,2,1,2,2,5,5
1140,1,2,2,1,3,3,5,5
1141,1,2,2,1,3,2,5,5
1142,2,2,2,2,2,2,5,5
1143,2,2,2,1,2,3,5,5
1144,1,2,1,1,2,2,5,5
1145,1,2,2,2,3,2,5,5
1146,1,2,2,2,3,2,5,4
1147,1,2,2,1,3,2,5,5
1148,2,2,2,1,2,2,5,5
1149,5,3,1,3,3,1,5,2
1150,1,2,2,1,3,2,5,5
1151,3,1,4,4,4,2,4,5
1152,1,3,3,1,3,2,5,4
1153,2,2,1,1,2,3,5,5
1154,1,1,2,1,2,2,4,5
1155,4,5,4,3,3,3,2,5
1156,1,2,2,1,3,3,5,4
1157,1,2,1,1,2,2,5,5
1158,2,2,2,2,2,2,5,5
1159,1,2,2,1,3,2,5,5
1160,1,3,5,3,5,4,4,4
1161,1,2,2,1,3,2,4,5
1162,1,2,2,1,2,2,5,5
1163,2,3,2,2,2,2,5,4
1164,1,2,2,1,2,3,5,5
1165,1,3,3,1,3,2,5,5
1166,2,2,2,1,2,2,5,5
1167,1,2,2,1,2,3,5,5
1168,1,2,1,2,2,2,5,5
1169,1,1,2,1,2,2,5,5
1170,2,2,1,1,2,2,5,5
1171,2,2,2,1,2,2,5,5
1172,2,2,2,1,2,2,5,5
1173,3,2,4,1,3,2,4,4
1174,1,2,2,1,2,2,5,5
1175,2,1,2,1,2,2,5,5
1176,1,3,2,1,2,2,5,4
1177,1,2,2,1,2,2,5,5
1178,1,2,1,1,3,2,5,5
1179,1,2,2,2,3,3,5,4
1180,2,2,2,1,2,2,5,5
1181,1,2,2,1,3,2,5,5
1182,1,2,2,1,2,1,4,5
1183,1,2,2,2,3,3,4,5
1184,2,4,2,2,3,5,5,1
1185,1,2,1,2,3,2,5,5
1186,1,2,2,1,2,2,5,5
1187,1,2,2,1,2,2,5,5
1188,1,2,1,1,3,3,5,5
1189,1,3,3,4,4,1,1,2
1190,2,2,2,1,2,2,5,5
1191,1,2,2,1,2,2,5,5
1192,1,2,2,1,2,2,5,5
1193,1,2,2,1,3,2,5,4
1194,1,3,3,1,2,2,5,4
1195,2,2,2,1,2,1,5,5
1196,1,1,3,1,3,2,5,5
1197,1,2,2,1,2,2,5,5
1198,5,2,3,2,4,1,1,2
1199,1,2,2,1,3,2,5,5
1200,2,2,2,1,2,2,5,5
1201,5,2,3,1,1,1,1,4
1202,1,2,2,2,3,1,5,5
1203,1,2,2,2,3,2,5,4
1204,1,2,3,1,2,2,5,5
1205,1,2,1,2,3,2,5,5
1206,1,2,2,2,2,2,5,5
1207,3,4,5,3,3,4,4,2
1208,1,1,2,1,2,2,5,5
1209,1,2,2,1,3,2,5,5
1210,1,2,3,1,3,2,5,5
1211,2,3,2,1,2,2,5,5
1212,1,2,3,1,2,2,5,5
1213,2,2,2,1,2,2,5,5
1214,5,5,1,3,3,5,1,5
1215,2,1,2,1,2,2,5,5
1216,1,2,2,2,2,2,5,5
1217,1,2,2,1,2,3,5,5
1218,1,2,3,1,2,3,5,5
1219,1,2,2,1,2,2,5,5
1220,1,1,2,1,3,2,5,5
1221,1,2,2,2,2,1,5,5
1222,2,2,2,1,2,2,5,5
1223,2,2,2,1,2,2,5,5
1224,1,2,2,2,3,2,5,4
1225,1,2,2,1,2,2,5,5
1226,1,2,2,1,2,2,5,5
1227,2,1,4,1,3,2,3,3
1228,4,2,5,4,3,5,3,1
1229,1,2,2,1,2,2,5,5
1230,1,2,2,1,2,2,5,5
1231,5,3,1,3,5,1,3,3
1232,1,2,1,1,3,2,5,5
1233,2,2,2,1,2,3,5,5
1234,1,2,2,1,3,2,5,5
1235,1,2,2,1,3,2,5,5
1236,1,3,4,5,2,4,2,1
1237,1,3,2,2,3,2,5,4
1238,2,2,2,2,2,2,5,5
1239,2,2,2,1,2,2,5,5
1240,1,2,2,1,2,2,5,5
1241,1,2,3,1,2,1,5,5
1242,1,2,2,1,3,2,5,5
1243,1,2,2,1,2,2,5,4
1244,2,2,2,1,2,2,5,5
1245,2,2,2,1,2,2,4,4
1246,2,5,4,4,5,3,2,3
1247,3,5,3,3,2,2,4,5
1248,1,3,2,1,3,2,4,5
1249,1,2,2,1,2,3,5,5
1250,3,4,1,5,4,2,3,1
1251,1,2,3,1,2,2,5,5
1252,2,3,1,2,4,4,2,3
1253,4,4,2,4,4,4,4,2
1254,2,2,2,1,2,2,5,5
1255,1,2,2,2,2,2,5,4
1256,1,2,2,1,2,2,5,5
1257,1,2,3,1,3,1,5,5
1258,1,2,2,2,3,2,5,4
1259,3,5,5,3,4,1,4,2
1260,1,2,2,2,2,2,5,5
1261,2,4,5,1,4,3,3,3
1262,1,2,2,1,2,3,5,5
1263,3,2,3,5,4,4,4,5
1264,2,2,2,2,2,2,4,5
1265,1,2,2,1,2,2,5,5
1266,1,3,2,1,2,2,5,5
1267,1,2,2,1,3,2,5,5
1268,1,2,2,1,3,3,5,4
1269,1,1,2,2,2,2,5,5
1270,1,2,2,1,3,2,5,5
1271,1,1,1,2,2,2,5,5
1272,1,2,2,2,3,2,4,5
1273,1,2,2,1,3,3,5,4
1274,1,4,2,1,2,1,3,1
1275,2,2,1,1,2,1,5,5
1276,1,2,2,1,3,3,5,5
1277,2,2,2,2,2,2,5,5
1278,2,2,2,1,2,2,5,5
1279,1,2,2,2,2,2,5,4
1280,1,2,2,1,3,3,5,5
1281,2,2,2,1,2,2,5,5
1282,4,1,4,3,4,2,4,1
1283,1,2,2,2,3,3,5,4
1284,5,2,2,5,4,4,1,1
1285,1,2,2,1,2,2,5,5
1286,1,3,2,1,2,2,5,5
1287,3,1,1,3,4,1,2,4
1288,2,2,2,1,2,2,5,4
1289,1,1,2,1,2,2,5,5
1290,1,2,2,1,2,2,5,5
1291,1,2,3,1,2,2,5,5
1292,1,2,3,2,3,2,5,4
1293,1,2,2,1,3,2,5,4
1294,2,2,2,1,2,2,5,5
1295,1,2,2,1,3,1,5,5
1296,2,5,5,1,5,3,3,2
1297,2,2,2,1,2,2,5,5
1298,1,2,2,1,2,2,5,4
1299,4,2,2,3,5,2,3,5
1300,1,5,5,3,3,5,5,3
1301,1,2,2,1,3,1,5,4
1302,2,2,3,1,3,5,2,5
1303,1,2,2,1,2,2,5,5
1304,1,2,2,1,2,2,5,5
1305,1,2,1,2,2,2,5,4
1306,2,2,1,1,2,2,5,5
1307,1,2,3,2,2,2,5,5
1308,1,2,2,1,3,2,5,5
1309,2,2,3,1,2,2,5,5
1310,1,1,2,1,3,2,5,5
1311,1,2,2,1,2,2,5,5
1312,2,1,3,1,3,2,1,3
1313,1,3,2,2,2,2,4,5
1314,1,2,2,2,3,1,5,5
1315,1,2,2,1,2,1,4,5
1316,2,2,2,1,2,2,4,5
1317,1,2,2,1,2,2,5,5
1318,1,3,2,1,2,2,5,5
1319,1,3,2,1,2,2,5,5
1320,1,2,2,1,2,2,4,4
1321,5,1,5,1,2,2,1,1
1322,2,2,1,1,2,2,5,5
1323,1,2,2,2,3,2,4,5
1324,1,2,2,1,3,2,5,5
1325,2,1,2,1,2,2,5,5
1326,2,2,2,2,2,2,5,5
1327,1,2,2,1,2,2,5,5
1328,4,1,4,1,1,4,3,3
1329,1,1,4,1,5,2,5,4
1330,1,3,2,1,2,2,5,5
1331,1,1,2,1,2,2,4,5
1332,4,3,3,4,5,5,2,4
1333,2,1,3,1,2,2,5,5
1334,1,1,2,1,3,2,5,5
1335,1,2,1,2,2,2,5,4
1336,2,2,2,1,2,2,5,5
1337,1,2,2,1,3,2,5,5
1338,1,1,3,1,4,1,2,1
1339,1,3,2,1,2,2,5,5
1340,2,5,2,4,4,4,4,4
1341,1,2,1,1,2,1,5,5
1342,1,3,2,1,2,2,5,5
1343,2,2,2,1,2,1,5,5
1344,2,2,2,2,2,2,5,4
1345,1,2,2,1,2,2,5,5
1346,1,2,1,1,2,2,5,5
1347,1,2,2,1,2,2,5,5
1348,2,1,2,1,2,2,5,5
1349,1,2,2,1,2,1,4,5
1350,2,1,2,1,2,2,5,5
1351,1,2,1,1,2,2,5,5
1352,1,2,2,1,3,2,5,5
1353,1,2,2,2,2,2,5,5
1354,1,2,2,1,2,2,5,5
1355,4,4,5,1,1,3,4,2
1356,1,3,1,3,3,4,4,4
1357,2,2,3,1,2,2,5,5
1358,2,5,3,4,1,4,2,1
1359,1,3,2,1,2,2,5,5
1360,5,2,5,1,2,2,1,4
1361,1,2,3,2,2,2,5,5
1362,1,3,2,1,2,2,5,5
1363,1,2,2,1,2,2,5,5
1364,1,3,2,2,2,2,5,5
1365,1,2,2,2,2,2,5,4
1366,1,2,2,1,2,3,5,5
1367,1,3,3,1,2,2,5,5
1368,1,1,2,1,2,2,5,5
1369,2,2,1,5,3,3,1,1
1370,1,2,2,1,3,2,5,5
1371,1,2,2,1,2,1,5,5
1372,1,2,2,1,2,2,4,5
1373,1,3,2,2,2,2,5,5
1374,2,1,2,1,2,2,5,5
1375,2,2,3,2,2,3,5,5
1376,1,4,1,5,5,5,1,2
1377,4,3,5,1,2,4,2,1
1378,1,3,2,1,2,2,5,5
1379,1,2,2,1,3,2,5,4
1380,1,2,2,1,2,2,5,4
1381,5,1,3,5,2,5,4,1
1382,1,2,2,1,2,2,5,5
1383,1,2,2,1,3,2,5,5
1384,1,2,2,1,2,2,5,5
1385,1,1,3,1,1,3,2,4
1386,1,3,2,1,2,2,5,5
1387,1,2,3,2,2,2,5,5
1388,1,2,2,1,2,2,5,5
1389,2,1,2,2,2,2,5,5
1390,2,2,2,2,2,2,5,4
1391,1,4,2,4,5,2,4,2
1392,2,2,3,2,2,2,5,5
1393,2,2,1,1,2,2,5,5
1394,3,2,3,5,4,1,2,1
1395,1,2,3,2,2,1,5,4
1396,1,2,1,2,3,2,5,4
1397,5,3,4,1,1,4,5,5
1398,5,5,2,4,1,5,4,4
1399,1,1,2,1,2,2,5,5
1400,1,2,2,1,3,2,5,5
1401,1,1,2,1,2,2,5,5
1402,2,2,2,1,2,2,5,5
1403,2,2,2,1,2,2,5,4
1404,1,2,2,1,3,2,5,5
1405,3,2,2,3,1,2,5,5
1406,2,2,2,2,5,1,2,1
1407,2,2,3,1,2,3,5,5
1408,2,2,1,1,2,2,5,5
1409,1,2,2,1,2,2,5,5
1410,1,2,1,1,2,2,5,5
1411,1,2,3,2,2,2,5,4
1412,2,2,3,1,2,2,5,5
1413,2,3,2,2,2,2,5,5
1414,2,2,2,1,2,3,5,5
1415,1,3,2,1,3,2,5,5
1416,1,2,2,1,2,2,5,5
1417,1,3,2,1,2,2,5,5
1418,1,2,2,1,2,2,4,5
1419,1,2,1,1,3,2,5,5
1420,1,2,2,1,2,2,5,5
1421,1,2,2,1,2,2,5,5
1422,1,2,3,1,2,2,5,5
1423,1,3,2,2,2,2,5,5
1424,2,2,1,1,2,2,5,5
1425,1,2,2,1,3,2,5,4
1426,2,2,2,1,2,2,4,5
1427,1,2,2,2,2,2,5,5
1428,1,2,2,1,3,3,4,4
1429,1,2,2,2,2,2,5,5
1430,2,2,2,1,2,3,4,5
1431,1,2,2,1,2,2,5,5
1432,1,2,2,1,3,2,4,5
1433,1,3,3,1,5,5,1,2
1434,2,2,2,2,2,2,5,4
1435,1,2,3,1,2,2,5,5
1436,2,2,4,2,2,2,2,4
1437,2,1,2,1,2,2,5,4
1438,1,3,3,1,3,2,5,5
1439,1,1,2,1,2,2,5,5
1440,2,2,1,2,2,2,5,4
1441,1,1,2,1,2,2,5,5
1442,4,3,1,3,5,5,3,5
1443,5,4,4,4,5,1,5,4
1444,1,2,2,2,2,2,5,4
1445,1,2,2,2,3,2,4,5
1446,1,2,2,2,3,2,5,5
1447,5,1,2,4,1,5,1,3
1448,1,3,2,1,3,2,5,5
1449,2,2,2,1,2,2,5,5
1450,1,3,2,1,2,2,5,4
1451,1,5,5,5,5,1,1,2
1452,1,2,1,1,3,2,5,5
1453,1,2,2,1,2,1,5,5
1454,1,2,1,1,3,2,5,5
1455,3,5,3,4,2,2,4,2
1456,1,5,2,2,3,2,5,1
1457,1,3,2,1,2,2,5,5
1458,1,2,2,1,3,2,5,5
1459,1,2,2,1,3,1,5,5
1460,1,2,2,2,2,2,5,5
1461,1,3,2,1,3,2,5,5
1462,1,3,2,1,2,2,5,5
1463,1,2,2,1,3,3,5,5
1464,1,2,2,1,2,2,5,5
1465,2,2,2,2,2,2,5,4
1466,3,5,1,4,1,1,4,4
1467,1,2,2,1,2,3,4,4
1468,4,5,4,5,3,3,5,5
1469,1,1,2,1,2,2,5,5
1470,1,2,2,2,2,3,5,5
1471,1,2,2,1,2,2,5,5
1472,1,1,2,1,2,2,5,5
1473,1,2,4,3,4,2,2,3
1474,1,2,2,1,3,2,4,5
1475,2,2,1,1,2,2,5,5
1476,1,2,2,2,3,1,5,4
1477,1,2,2,1,3,2,5,5
1478,4,1,1,3,5,2,5,5
1479,1,2,2,1,3,2,5,5
1480,2,3,2,1,2,2,5,5
1481,1,2,2,1,2,3,5,5
1482,1,1,2,1,3,2,5,5
1483,2,2,1,1,2,2,5,5
1484,1,2,3,1,2,2,5,5
1485,1,2,2,1,3,2,5,4
1486,1,2,2,1,2,2,5,5
1487,1,4,1,3,3,2,2,3
1488,2,2,2,2,2,2,5,5
1489,1,2,3,1,2,2,5,5
1490,1,4,4,3,1,2,5,5
1491,1,2,2,1,3,2,5,5
1492,1,2,2,1,2,2,5,5
1493,2,2,2,2,2,2,5,5
1494,2,2,2,1,2,2,5,4
1495,3,1,4,2,1,1,2,2
1496,3,2,3,2,3,2,2,1
1497,1,3,3,1,3,2,5,5
1498,1,1,2,1,2,2,5,5
1499,1,2,2,1,2,2,5,5
1500,1,2,3,1,2,3,5,4
1501,2,2,1,1,2,2,5,4
1502,2,2,2,1,2,1,5,5
1503,2,2,2,2,2,2,5,5
1504,1,2,2,2,2,2,5,5
1505,3,3,3,2,4,3,1,3
1506,2,4,3,1,2,2,1,1
1507,1,3,2,1,2,2,5,5
1508,2,3,2,1,2,2,5,5
1509,1,2,1,1,2,2,5,5
1510,2,5,5,1,3,2,4,5
1511,1,2,2,1,3,1,5,5
1512,5,2,1,2,3,2,4,1
1513,1,2,3,1,2,1,5,5
1514,1,2,2,1,2,2,5,5
1515,2,2,1,1,2,2,5,5
1516,1,1,3,1,3,2,5,5
1517,1,2,2,1,2,2,5,5
1518,1,5,5,1,5,1,5,5
1519,1,2,2,1,3,3,4,5
1520,1,3,2,1,3,2,5,5
1521,5,5,3,2,4,4,4,3
1522,1,2,2,1,3,2,5,5
1523,1,2,2,1,2,2,5,5
1524,1,2,2,2,3,2,5,5
1525,1,2,1,1,2,2,5,5
1526,2,2,2,1,2,2,5,5
1527,1,1,2,1,2,2,5,5
1528,1,2,2,2,2,2,4,4
1529,1,2,2,1,3,2,5,4
1530,1,2,2,1,3,2,5,5
1531,2,1,5,4,5,5,4,4
1532,3,4,1,5,1,5,4,1
1533,1,2,2,1,2,2,5,5
1534,1,2,1,1,2,3,5,5
1535,1,1,2,1,2,2,5,5
1536,2,5,2,2,1,5,5,5
1537,1,2,2,1,3,2,5,4
1538,1,2,3,1,3,2,5,5
1539,2,2,3,1,2,2,5,5
1540,2,2,2,2,2,2,4,5
1541,2,3,4,4,1,2,3,1
1542,1,3,2,1,2,2,5,5
1543,1,3,2,1,2,2,5,5
1544,1,2,2,2,2,2,5,4
1545,1,2,2,1,2,1,5,5
1546,1,2,2,1,3,1,5,5
1547,1,2,2,1,3,2,5,4
1548,1,2,2,1,2,2,5,5
1549,1,2,2,1,3,2,5,5
1550,1,1,2,1,3,2,5,4
1551,2,2,2,1,2,1,5,4
1552,2,1,2,1,2,2,5,5
1553,5,1,2,5,3,1,5,5
1554,1,2,2,1,2,2,5,5
1555,1,1,2,1,1,1,1,4
1556,2,2,3,1,2,2,5,5
1557,1,2,2,1,2,1,5,5
1558,3,3,3,2,3,2,2,5
1559,1,2,2,2,2,3,5,4
1560,1,2,2,1,3,3,5,5
1561,2,2,2,1,2,2,4,5
1562,4,3,2,3,2,2,3,5
1563,4,4,2,1,1,1,5,3
1564,2,1,2,1,2,2,5,5
1565,2,2,2,1,2,2,5,5
1566,1,3,2,2,2,2,5,5
1567,1,2,3,1,3,1,5,5
1568,1,2,2,1,2,2,4,5
1569,1,1,3,1,2,2,5,5
1570,4,4,1,4,3,1,4,2
1571,2,2,2,1,2,2,5,5
1572,2,2,2,1,2,2,5,5
1573,1,1,2,1,3,2,5,5
1574,1,2,3,1,2,2,5,5
1575,2,2,2,1,2,2,5,5
1576,2,1,2,1,3,2,4,1
1577,5,4,3,3,5,3,1,1
1578,1,2,2,1,3,2,5,5
1579,1,2,2,1,2,2,5,5
1580,1,1,2,1,2,2,5,5
1581,1,2,2,1,2,2,5,5
1582,1,2,3,1,2,2,5,5
1583,2,3,5,1,1,5,2,4
1584,1,2,3,1,2,2,5,5
1585,1,1,2,2,2,2,5,4
1586,1,2,2,2,3,2,5,4
1587,1,2,2,1,2,2,5,5
1588,1,3,2,1,3,2,5,5
1589,2,2,1,1,2,2,5,5
1590,2,2,3,1,2,2,5,5
1591,1,2,2,1,2,2,5,5
1592,1,3,2,5,2,4,4,2
1593,1,1,2,1,2,2,5,4
1594,4,3,5,5,2,4,4,1
1595,1,3,2,1,2,2,5,5
1596,2,2,2,1,2,2,5,4
1597,2,3,2,1,2,2,5,5
1598,1,2,2,1,2,2,5,5
1599,5,4,4,5,2,5,3,5
1600,2,2,3,1,2,2,5,5
1601,1,3,3,4,2,4,4,2
1602,1,2,2,1,2,3,5,5
1603,2,2,2,1,2,2,5,5
1604,1,2,3,1,2,2,5,5
1605,1,2,2,1,3,2,5,5
1606,1,2,2,1,3,2,4,5
1607,2,2,2,1,2,2,5,5
1608,3,2,1,4,3,2,5,2
1609,1,2,2,1,3,2,5,4
1610,1,1,2,1,2,2,5,5
1611,2,2,2,1,2,2,5,5
1612,2,2,2,2,2,2,5,5
1613,1,2,2,2,3,2,5,5
1614,1,2,2,2,2,1,5,4
1615,2,2,2,2,2,2,5,5
1616,1,2,2,1,2,2,5,5
1617,2,2,2,1,2,1,5,5
1618,1,2,2,1,3,2,4,5
1619,2,1,2,1,2,2,5,5
1620,1,2,2,1,3,2,5,5
1621,2,2,2,2,2,1,5,4
1622,4,5,2,1,2,5,2,1
1623,1,2,2,1,3,3,5,5
1624,1,4,2,2,2,1,4,3
1625,1,2,2,1,2,2,5,4
1626,1,2,2,1,3,2,5,5
1627,1,2,2,1,3,1,5,4
1628,4,5,3,4,4,3,4,3
1629,1,2,2,1,2,2,4,5
1630,1,2,3,1,2,2,5,5
1631,2,5,4,5,2,3,3,2
1632,1,2,2,1,2,2,5,5
1633,2,5,5,2,5,2,5,5
1634,1,2,2,1,2,2,5,5
1635,3,3,3,4,4,4,4,5
1636,1,3,5,4,2,3,5,4
1637,2,2,2,1,2,2,5,5
1638,2,2,2,2,2,2,5,5
1639,1,2,2,1,3,2,5,5
1640,5,3,3,1,5,2,1,5
1641,1,2,1,1,2,2,5,5
1642,1,2,1,1,2,2,5,4
1643,1,2,1,1,2,2,5,5
1644,1,2,2,1,2,2,4,4
1645,1,2,2,1,3,1,5,5
1646,1,2,2,1,2,2,5,5
1647,1,2,2,1,2,1,5,5
1648,1,1,2,1,2,2,5,5
1649,2,2,2,1,2,2,5,4
1650,3,5,3,4,3,5,5,2
1651,2,2,2,1,2,2,5,5
1652,1,2,2,1,2,1,5,4
1653,1,1,2,1,3,2,5,4
1654,2,2,2,1,2,2,5,4
1655,4,5,3,4,3,1,3,2
1656,2,2,2,1,2,2,5,5
1657,1,1,2,2,2,2,5,4
1658,1,2,3,1,2,2,5,5
1659,1,2,2,2,3,3,5,4
1660,1,2,1,1,2,2,5,5
1661,1,2,3,1,2,2,5,5
1662,1,2,3,2,2,2,5,5
1663,1,2,2,1,2,2,5,4
1664,1,1,1,2,2,2,5,4
1665,1,3,2,1,2,2,5,4
1666,3,2,5,4,2,5,1,5
1667,2,2,2,1,2,1,5,5
1668,1,2,2,1,2,2,5,5
1669,1,2,2,2,2,3,5,5
1670,1,2,2,1,2,2,5,5
1671,5,4,5,1,2,4,4,5
1672,2,2,2,1,2,1,5,5
1673,3,1,4,5,3,2,5,4
1674,1,2,2,1,2,2,5,4
1675,2,3,2,2,1,5,1,4
1676,2,2,2,1,2,2,5,5
1677,2,3,1,3,1,3,2,4
1678,1,2,1,1,3,2,5,5
1679,1,2,2,1,2,2,5,4
1680,1,2,2,1,2,2,5,5
1681,1,2,1,1,2,1,5,5
1682,2,2,2,1,2,3,5,5
1683,1,2,2,1,3,2,5,5
1684,2,1,1,1,2,2,5,5
1685,1,2,3,1,2,2,5,5
1686,1,2,2,1,2,2,5,5
1687,1,2,2,2,2,2,5,5
1688,2,2,2,1,2,2,5,4
1689,1,2,1,1,2,2,5,5
1690,1,2,2,1,2,1,5,5
1691,4,5,5,2,2,5,5,2
1692,3,3,4,2,5,3,5,2
1693,5,4,3,3,1,5,3,3
1694,2,2,2,1,2,2,5,5
1695,1,2,2,1,2,2,5,5
1696,1,1,2,1,3,2,5,5
1697,1,2,3,1,3,2,5,4
1698,2,2,2,2,2,2,5,5
1699,1,2,2,2,3,1,5,5
1700,5,5,4,1,1,4,2,4
1701,1,3,1,2,2,2,5,5
1702,1,2,3,1,2,2,5,5
1703,2,1,2,1,3,2,5,1
1704,4,2,5,1,4,3,1,1
1705,4,2,1,5,3,4,4,5
1706,3,4,4,3,4,3,1,4
1707,1,2,2,1,2,2,5,4
1708,1,2,2,2,2,3,5,4
1709,1,2,2,2,3,2,4,4
1710,1,2,3,1,3,3,1,3
1711,2,2,2,1,2,2,5,5
1712,1,2,2,1,3,2,4,4
1713,1,2,1,1,2,2,5,5
1714,1,2,1,5,3,4,3,1
1715,1,3,2,2,2,2,5,5
1716,1,4,5,3,1,3,5,4
1717,1,3,2,1,2,2,5,5
1718,1,2,2,1,2,1,5,5
1719,1,2,2,2,2,3,5,5
1720,2,2,3,1,2,2,5,4
1721,1,2,2,1,3,2,4,5
1722,1,3,5,3,4,2,1,4
1723,3,5,2,5,5,1,5,2
1724,2,2,2,1,2,2,5,5
1725,1,4,2,1,3,5,5,3
1726,1,2,2,1,2,2,5,4
1727,1,2,2,1,2,2,5,5
1728,2,1,4,1,3,2,4,1
1729,2,2,3,1,2,2,5,4
1730,1,2,2,1,3,2,5,5
1731,1,2,2,1,2,2,5,5
1732,1,2,2,1,2,2,5,5
1733,1,2,2,1,3,2,5,4
1734,1,2,2,1,2,2,5,4
1735,2,3,2,2,2,2,5,5
1736,2,2,3,1,2,2,5,5
1737,2,3,3,4,5,4,2,4
1738,1,2,2,1,3,2,5,5
1739,1,2,2,1,2,2,5,5
1740,1,2,2,1,2,2,5,5
1741,2,2,1,2,2,1,5,5
1742,2,2,2,1,2,2,5,4
1743,1,2,2,1,2,2,5,5
1744,2,2,2,5,3,5,2,2
1745,1,1,2,1,2,2,5,5
1746,2,1,2,2,2,2,5,4
1747,2,2,2,2,2,2,5,4
1748,1,2,2,2,2,2,5,4
1749,2,3,2,1,2,2,5,5
1750,2,3,3,2,5,4,4,5
1751,1,2,2,1,2,2,5,5
1752,1,2,2,1,2,2,4,4
1753,1,2,2,1,3,2,5,5
1754,1,1,1,1,2,2,5,5
1755,1,2,2,1,2,2,5,5
1756,1,2,2,1,3,2,5,4
1757,1,3,2,2,2,2,5,5
1758,1,2,2,1,2,2,5,5
1759,1,2,2,1,2,1,5,5
1760,1,2,2,1,2,1,4,5
1761,1,2,2,1,2,2,5,5
1762,1,2,2,1,3,2,5,5
1763,2,3,1,1,2,2,5,5
1764,1,2,2,1,2,2,5,5
1765,4,5,5,4,2,3,2,4
1766,1,1,1,2,2,2,5,4
1767,1,3,5,3,4,5,2,5
1768,2,2,2,1,2,3,5,5
1769,1,3,1,1,2,2,5,5
1770,4,1,2,1,2,3,5,2
1771,4,1,3,2,1,3,4,3
1772,1,2,2,1,3,2,5,5
1773,1,2,2,1,2,3,4,5
1774,1,1,3,4,4,2,2,4
1775,5,1,1,4,3,3,1,2
1776,2,3,2,1,2,2,5,5
1777,1,3,2,2,3,2,5,4
1778,1,2,2,1,2,2,5,5
1779,3,4,3,2,1,3,5,1
1780,2,3,2,1,2,2,5,5
1781,2,2,1,2,2,2,5,5
1782,1,2,1,1,2,3,5,5
1783,1,1,1,1,3,2,5,5
1784,1,1,2,1,2,2,5,5
1785,2,1,1,1,2,2,5,5
1786,5,1,2,2,3,2,3,3
1787,1,2,2,1,3,2,5,5
1788,2,2,3,1,2,1,5,5
1789,1,2,3,2,2,3,5,5
1790,1,2,1,1,2,2,5,5
1791,1,2,2,1,2,2,5,5
1792,1,2,1,1,2,2,5,5
1793,1,2,1,1,3,2,5,5
1794,1,3,5,3,1,4,5,3
1795,1,2,3,1,3,2,5,5
1796,1,2,3,2,3,1,5,5
1797,1,2,1,1,2,3,5,5
1798,5,4,5,4,1,1,2,2
1799,2,2,3,1,5,3,2,4
1800,1,2,1,1,2,2,5,4
1801,1,2,2,2,2,2,5,5
1802,4,2,3,4,5,4,2,2
1803,1,1,3,1,2,2,5,4
1804,1,2,2,1,2,2,5,5
1805,2,2,2,1,2,3,5,5
1806,1,2,2,1,2,2,5,5
1807,1,2,2,1,2,2,5,5
1808,1,2,2,1,2,1,4,4
1809,2,2,2,1,2,2,5,4
1810,1,2,3,1,3,2,5,5
1811,1,2,2,1,2,1,5,5
1812,2,1,2,2,5,4,2,2
1813,1,1,2,2,3,2,5,4
1814,5,1,4,4,4,1,3,2
1815,2,2,3,1,2,2,5,5
1816,2,2,2,1,2,2,5,5
1817,1,2,2,1,2,3,5,5
1818,1,2,2,1,2,1,5,5
1819,1,2,1,1,2,2,5,5
1820,1,2,2,1,2,3,5,5
1821,5,2,5,3,5,4,3,1
1822,4,5,2,2,4,1,2,2
1823,2,2,2,1,2,2,4,5
1824,1,2,2,2,3,2,4,4
1825,2,2,2,2,2,2,5,5
1826,2,2,2,2,2,2,5,5
1827,1,2,1,5,2,2,1,3
1828,1,3,2,1,2,2,5,5
1829,1,1,3,1,2,2,5,5
1830,2,1,2,2,2,2,5,5
1831,2,2,2,1,2,2,5,4
1832,1,2,2,2,2,2,5,4
1833,1,2,2,1,2,1,5,5
1834,1,1,2,2,2,2,5,4
1835,2,2,2,2,2,3,5,5
1836,5,3,3,5,1,2,5,1
1837,1,2,2,1,3,2,5,5
1838,1,2,2,1,2,2,5,5
1839,4,2,5,2,4,1,4,2
1840,1,2,2,1,3,3,5,5
1841,2,1,2,1,2,2,5,4
1842,2,2,2,1,2,2,5,5
1843,1,2,2,2,2,2,5,5
1844,1,2,3,1,2,2,5,5
1845,2,2,2,1,2,2,5,5
1846,4,1,5,4,2,4,4,1
1847,1,2,2,1,2,3,5,5
1848,1,2,2,1,2,2,5,5
1849,1,1,2,1,2,2,5,4
1850,1,2,2,1,3,2,5,5
1851,2,5,2,3,1,1,5,4
1852,1,2,2,1,3,2,5,5
1853,1,3,3,2,4,4,2,3
1854,1,2,2,1,3,2,5,5
1855,1,2,1,1,3,2,5,5
1856,2,5,1,1,3,4,2,4
1857,1,2,2,1,2,2,5,5
1858,5,4,3,5,1,1,2,3
1859,1,1,2,2,2,2,5,4
1860,1,3,2,1,2,2,5,5
1861,1,1,2,1,3,2,5,4
1862,1,2,2,1,2,1,5,5
1863,2,2,1,2,4,2,5,2
1864,1,2,2,2,2,2,5,5
1865,3,4,5,3,4,4,5,1
1866,3,1,3,1,5,1,1,2
1867,2,2,2,1,2,2,5,5
1868,2,2,2,1,2,2,5,5
1869,1,2,3,2,3,3,5,5
1870,2,2,2,1,2,2,5,5
1871,2,1,5,1,1,5,2,3
1872,5,1,2,3,2,1,5,3
1873,2,2,2,1,2,2,5,5
1874,1,4,5,1,1,2,2,3
1875,1,1,2,1,2,2,5,4
1876,1,2,2,2,2,2,5,5
1877,1,3,2,2,2,2,4,5
1878,1,1,3,2,3,2,5,4
1879,1,2,2,1,2,2,5,5
1880,1,2,2,1,2,2,5,5
1881,1,3,1,2,2,3,1,5
1882,5,3,2,3,1,5,3,5
1883,1,2,2,2,2,1,5,4
1884,1,3,4,4,5,3,4,3
1885,2,2,1,5,4,5,4,2
1886,1,1,2,1,3,2,5,5
1887,1,3,2,1,2,2,5,5
1888,1,2,1,2,3,2,5,4
1889,5,1,5,2,5,2,2,1
1890,2,2,2,2,2,2,5,4
1891,1,2,3,1,2,2,5,5
1892,1,1,2,5,1,1,2,3
1893,1,2,3,2,2,2,5,4
1894,1,3,2,1,2,2,5,5
1895,1,2,3,2,2,2,5,5
1896,1,2,1,1,2,1,5,5
1897,1,2,2,1,3,2,5,5
1898,1,2,2,1,2,2,5,5
1899,3,1,2,2,1,2,3,4
1900,1,1,2,2,2,2,5,5
1901,1,2,3,1,2,2,5,5
1902,1,1,2,1,2,2,5,5
1903,1,2,2,2,2,2,5,4
1904,1,2,2,1,2,2,5,5
1905,2,2,2,1,2,1,5,5
1906,2,2,2,1,2,2,5,4
1907,5,4,2,2,5,4,5,4
1908,1,2,1,2,2,2,5,5
1909,1,2,2,1,3,2,5,5
1910,1,3,2,1,3,2,5,5
1911,2,2,2,1,2,2,5,5
1912,1,1,3,1,2,2,5,5
1913,4,4,1,5,4,3,5,4
1914,1,2,2,2,2,2,5,4
1915,1,2,2,1,2,2,5,5
1916,4,4,4,4,5,5,1,3
1917,4,1,5,3,4,2,3,3
1918,3,4,5,5,4,4,4,2
1919,1,2,2,1,2,2,5,4
1920,1,2,2,1,3,2,5,5
1921,2,3,1,1,2,2,5,5
1922,3,5,2,2,4,5,1,5
1923,1,2,3,2,4,1,1,4
1924,1,2,1,1,2,2,5,5
1925,1,2,1,1,2,2,5,4
1926,4,2,3,5,1,3,4,4
1927,1,2,2,1,2,2,5,4
1928,4,4,2,5,5,5,2,4
1929,1,2,2,1,3,2,5,4
1930,1,2,2,1,3,2,5,5
1931,1,2,3,1,2,2,5,5
1932,1,2,2,1,2,2,5,5
1933,1,2,2,1,2,2,4,5
1934,1,1,2,2,3,2,5,4
1935,1,2,2,1,3,2,5,5
1936,1,2,2,1,2,2,5,5
1937,1,3,2,1,2,2,5,5
1938,1,2,2,2,3,2,5,4
1939,1,1,2,1,2,2,5,5
1940,1,2,2,1,2,2,5,5
1941,1,2,2,1,2,2,4,5
1942,2,2,2,1,2,2,4,5
1943,1,2,2,1,3,3,4,5
1944,1,2,3,2,2,2,5,5
1945,1,2,2,1,2,1,4,5
1946,1,2,2,2,2,2,5,5
1947,1,2,2,1,3,2,4,5
1948,1,2,2,2,2,2,5,5
1949,1,2,1,1,2,2,5,5
1950,1,2,2,1,3,2,5,5
1951,1,2,2,1,3,2,5,5
1952,4,2,3,4,1,5,1,4
1953,5,2,3,4,4,5,2,4
1954,1,3,3,2,2,2,5,5
1955,2,2,3,1,2,2,5,4
1956,1,2,1,1,3,3,5,5
1957,2,2,2,1,2,2,5,5
1958,1,2,2,1,2,1,5,5
1959,1,2,1,1,3,2,5,5
1960,2,2,2,2,2,2,5,5
1961,2,2,2,1,2,2,5,5
1962,2,2,2,2,2,3,4,4
1963,2,2,2,1,2,2,5,5
1964,1,2,2,1,3,2,5,5
1965,1,2,2,1,2,2,5,5
1966,1,2,3,1,2,2,5,5
1967,5,4,2,4,1,2,3,5
1968,2,2,2,1,2,2,5,5
1969,5,1,3,4,4,3,4,4
1970,2,2,2,1,2,2,4,5
1971,3,1,5,4,5,3,1,1
1972,5,2,3,4,1,1,2,2
1973,4,3,2,4,5,1,1,4
1974,1,2,2,2,3,2,5,5
1975,2,2,3,1,2,2,5,5
1976,1,2,3,1,2,2,5,4
1977,2,2,2,1,2,2,5,5
1978,3,5,1,4,1,3,1,1
1979,1,2,3,4,2,4,1,5
1980,2,2,2,1,2,2,5,5
1981,1,2,2,2,3,2,5,5
1982,1,2,2,1,3,2,5,5
1983,1,2,2,1,3,2,5,5
1984,2,2,2,1,2,2,5,5
1985,1,2,2,1,2,2,4,5
1986,1,2,2,2,3,1,5,5
1987,2,2,2,1,2,1,5,5
1988,1,2,2,1,2,2,5,5
1989,1,2,3,2,3,2,5,5
1990,4,1,1,4,3,5,5,1
1991,1,2,2,1,2,2,5,5
1992,1,3,3,1,2,2,5,5
1993,1,2,1,2,2,3,5,4
1994,1,2,2,1,2,2,5,5
1995,1,3,2,1,2,2,5,5
1996,1,2,2,2,3,2,5,4
1997,1,2,3,1,2,2,5,5
1998,2,2,1,1,2,2,5,5
1999,1,2,2,1,2,3,5,5
2000,1,1,2,1,2,2,5,4
2001,2,2,2,1,2,2,4,5
2002,1,2,2,1,2,2,5,5
2003,2,2,2,1,2,2,5,5
2004,1,2,2,1,2,2,5,5
2005,1,2,2,1,2,2,4,5
2006,2,4,4,4,2,2,1,1
2007,1,1,2,1,2,2,5,5
2008,1,2,2,1,3,2,5,4
2009,4,4,4,3,3,3,2,1
2010,4,4,1,2,1,3,5,1
2011,2,1,2,1,2,2,5,5
2012,1,1,1,2,2,2,5,4
2013,4,3,2,3,1,5,2,4
2014,2,2,2,1,2,2,5,4
2015,1,2,1,1,2,2,5,5
2016,1,2,2,1,3,3,5,4
2017,1,2,2,1,2,1,4,5
2018,2,2,2,2,2,2,5,4
2019,2,2,2,1,2,2,5,5
2020,3,5,2,5,3,4,4,5
2021,2,1,2,2,2,2,5,4
2022,2,2,3,2,2,3,5,4
2023,2,2,2,2,2,3,5,5
2024,1,2,2,1,2,2,4,5
2025,2,1,1,2,2,2,5,4
2026,1,2,2,2,2,1,5,4
2027,1,2,2,1,2,2,5,4
2028,2,2,2,1,2,2,5,5
2029,1,2,2,2,2,2,5,5
2030,1,2,2,1,2,2,5,5
2031,1,2,1,1,2,2,5,4
2032,1,2,2,1,2,2,5,5
2033,1,2,2,1,2,3,5,5
2034,1,2,3,1,2,2,5,4
2035,3,2,5,5,3,5,1,4
2036,1,2,2,1,3,3,5,5
2037,1,2,2,1,3,1,5,5
2038,1,3,2,1,2,2,5,5
2039,1,1,1,5,3,3,5,4
2040,1,2,3,1,3,2,5,5
2041,1,2,2,1,3,3,5,5
2042,1,2,3,1,2,2,5,5
2043,1,2,2,1,2,2,4,5
2044,1,3,2,1,2,2,5,5
2045,1,2,2,1,3,2,5,4
2046,1,2,1,2,3,3,5,4
2047,2,2,2,1,2,2,5,5
2048,1,2,2,1,2,2,5,4
2049,1,2,2,1,3,1,5,5
2050,1,3,2,1,3,2,5,4
2051,1,2,1,1,3,2,5,5
2052,1,2,2,1,3,2,5,5
2053,3,2,5,2,1,5,3,1
2054,1,1,2,2,2,2,5,5
2055,1,2,2,1,2,2,5,5
2056,1,2,2,1,2,3,5,5
2057,1,2,2,1,2,2,5,5
2058,1,3,1,1,3,2,5,5
2059,2,2,2,1,2,1,5,5
2060,1,2,2,1,3,2,5,5
2061,1,2,2,1,2,2,5,5
2062,1,2,2,1,2,2,5,5
2063,1,3,2,1,3,2,5,5
2064,2,1,2,2,2,2,5,4
2065,1,3,2,2,3,2,5,5
2066,1,2,2,2,3,3,5,5
2067,1,2,2,1,3,2,5,5
2068,1,3,2,1,2,2,5,5
2069,1,2,2,1,2,2,5,5
2070,1,2,3,1,3,2,5,5
2071,2,2,2,1,2,2,4,5
2072,1,2,2,1,3,2,5,5
2073,1,2,2,1,2,2,5,5
2074,1,2,2,2,2,2,5,4
2075,1,2,2,1,2,2,5,5
2076,1,5,1,4,3,4,5,4
2077,1,2,2,1,3,2,5,5
2078,1,1,5,3,5,1,4,3
2079,1,3,2,1,2,2,5,5
2080,2,2,2,2,2,2,5,5
2081,1,2,3,1,2,2,5,5
2082,1,1,2,1,2,2,5,5
2083,1,2,3,1,3,2,5,5
2084,1,2,2,1,2,1,5,5
2085,1,2,2,1,2,2,4,5
2086,5,5,3,2,5,3,5,5
2087,3,3,3,2,4,4,4,5
2088,2,2,2,1,2,1,5,5
2089,1,2,2,1,3,2,5,5
2090,1,2,2,1,3,1,5,5
2091,1,1,1,2,2,2,5,4
2092,1,1,2,1,3,2,5,5
2093,1,2,1,1,2,2,5,5
2094,1,2,2,2,3,2,5,4
2095,1,2,3,1,2,3,5,5
2096,2,2,1,1,2,1,5,5
2097,1,2,2,1,2,2,5,5
2098,1,2,3,1,2,2,5,4
2099,1,2,2,1,3,2,5,5
2100,2,2,2,1,2,1,5,5
2101,1,2,3,1,2,2,5,4
2102,1,1,2,1,2,2,5,5
2103,1,2,3,1,3,2,5,5
2104,1,2,2,1,2,2,4,5
2105,2,2,3,1,2,2,5,5
2106,1,2,2,1,2,1,5,5
2107,1,2,2,2,2,2,5,4
2108,2,3,2,1,2,2,4,5
2109,1,2,2,1,2,3,5,5
2110,2,2,2,1,2,2,5,5
2111,1,2,2,1,2,2,5,4
2112,1,4,3,2,3,1,2,4
2113,1,2,2,1,2,2,4,5
2114,1,2,2,1,2,2,5,5
2115,5,3,1,5,3,4,1,5
2116,1,2,2,1,2,2,5,5
2117,3,3,1,2,3,1,4,5
2118,1,5,3,3,3,4,5,3
2119,2,1,2,1,2,2,4,5
2120,1,2,2,1,2,2,5,5
2121,1,3,2,1,2,2,5,4
2122,1,2,2,1,2,1,5,4
2123,1,2,2,1,2,2,4,5
2124,1,4,4,3,2,1,4,5
2125,1,2,2,1,3,2,5,5
2126,1,2,2,1,2,3,5,5
2127,2,2,2,1,2,2,5,4
2128,1,5,5,2,2,2,2,2
2129,1,2,2,1,2,2,4,5
2130,1,2,2,2,2,2,5,4
2131,1,2,2,1,2,1,5,5
2132,1,2,1,2,5,2,2,2
2133,2,2,2,1,2,2,5,5
2134,3,2,4,4,3,1,3,1
2135,2,2,3,1,2,2,5,5
2136,1,2,2,1,3,2,4,4
2137,2,2,2,1,2,2,5,5
2138,2,2,3,1,2,2,5,5
2139,2,2,2,1,2,2,5,5
2140,1,2,2,1,2,3,5,5
2141,1,2,2,1,3,2,5,5
2142,2,3,2,4,1,5,3,1
2143,1,2,2,1,2,2,5,5
2144,1,3,2,1,2,2,5,5
2145,2,2,2,1,2,2,5,5
2146,1,2,2,1,3,2,5,5
2147,5,5,1,3,4,1,5,5
2148,4,5,2,5,5,4,1,3
2149,5,1,2,4,1,2,3,5
2150,1,2,2,1,2,2,5,5
2151,1,2,2,1,2,2,5,5
2152,1,1,3,1,2,2,5,4
2153,1,2,2,2,3,2,5,5
2154,2,3,2,2,2,2,5,5
2155,1,1,2,2,2,2,4,5
2156,1,2,2,1,2,2,5,5
2157,1,2,1,1,2,2,5,5
2158,3,5,1,2,5,4,4,4
2159,1,3,2,1,2,2,4,4
2160,2,1,5,2,2,5,3,4
2161,1,2,2,2,3,2,5,5
2162,1,1,2,1,3,2,5,5
2163,1,2,2,2,2,2,5,4
2164,5,5,3,5,4,2,2,4
2165,1,2,3,2,2,2,5,4
2166,1,3,2,1,3,2,5,5
2167,1,3,2,1,2,2,5,5
2168,2,2,3,1,2,3,5,5
2169,1,2,2,1,2,3,5,5
2170,1,2,2,1,2,1,5,5
2171,1,1,2,1,2,2,5,5
2172,1,2,2,1,2,2,5,4
2173,1,1,2,1,2,2,4,5
2174,1,2,2,2,3,2,5,5
2175,1,2,2,1,2,2,5,5
2176,2,1,2,2,2,2,5,4
2177,1,5,4,3,3,5,2,1
2178,4,4,1,5,4,1,1,1
2179,1,2,2,1,3,2,5,5
2180,1,2,2,1,2,2,5,5
2181,1,2,2,2,2,3,5,5
2182,1,2,2,1,3,3,5,5
2183,1,2,2,1,2,2,5,5
2184,4,5,2,2,5,4,5,3
2185,1,2,2,1,2,2,5,5
2186,1,3,1,1,2,2,5,5
2187,1,2,1,1,2,1,5,5
2188,1,3,3,1,3,2,5,5
2189,1,2,2,4,4,1,4,5
2190,1,3,2,1,2,2,5,4
2191,2,2,2,2,2,2,5,5
2192,1,2,2,1,3,2,4,4
2193,2,2,3,1,2,2,5,5
2194,1,3,3,3,5,2,2,1
2195,3,1,3,5,4,5,4,5
2196,1,2,2,1,2,2,5,5
2197,2,2,2,1,2,1,5,5
2198,1,3,2,1,2,2,5,5
2199,1,2,2,1,3,1,5,5
2200,1,2,2,1,2,2,5,5
2201,1,2,2,1,3,2,5,5
2202,1,2,1,1,2,2,5,4
2203,1,2,2,1,3,2,5,4
2204,5,2,3,1,5,5,2,2
2205,1,2,2,2,2,2,5,4
2206,1,2,2,1,2,2,5,5
2207,5,1,5,4,2,1,4,5
2208,1,2,2,1,2,2,5,5
2209,1,3,2,1,2,2,5,5
2210,2,2,2,1,2,1,5,5
2211,1,2,2,1,3,2,5,5
2212,2,5,4,1,5,2,4,5
2213,1,2,2,1,3,2,4,5
2214,2,2,2,1,2,2,5,5
2215,2,2,2,2,2,1,5,5
2216,2,2,2,1,2,1,5,5
2217,2,4,3,3,3,4,2,2
2218,2,2,1,1,2,5,2,2
2219,1,2,2,1,2,5,1,4
2220,1,2,2,1,2,2,5,4
2221,1,2,2,1,3,2,5,5
2222,1,2,2,1,2,2,5,5
2223,1,2,2,1,2,2,5,5
2224,2,2,2,1,2,2,5,5
2225,2,2,2,1,2,3,4,5
2226,1,2,2,1,3,2,5,4
2227,1,2,2,2,2,2,5,4
2228,2,2,2,1,2,2,5,5
2229,1,2,2,2,2,2,5,5
2230,1,1,1,1,2,2,5,5
2231,1,2,2,1,2,2,4,5
2232,2,2,2,1,2,2,5,5
2233,1,2,2,1,3,2,5,5
2234,3,1,1,5,3,3,4,3
2235,2,2,2,1,2,2,4,5
2236,2,2,2,1,2,2,5,5
2237,2,3,2,1,2,2,5,5
2238,2,1,2,1,2,2,5,5
2239,2,2,1,1,2,2,5,5
2240,1,1,2,1,3,2,5,5
2241,1,1,3,1,2,2,5,5
2242,1,3,2,1,3,2,5,5
2243,1,2,2,1,3,2,5,5
2244,1,1,2,2,2,2,5,5
2245,1,1,3,1,3,2,5,5
2246,1,2,3,2,3,2,5,5
2247,1,2,2,1,2,2,5,5
2248,2,4,5,4,3,5,3,1
2249,1,2,1,1,2,2,5,4
2250,1,3,2,1,2,2,5,4
2251,1,2,2,2,2,2,5,4
2252,5,3,5,1,1,5,5,2
2253,1,2,2,2,2,1,5,5
2254,5,4,5,5,5,4,3,4
2255,1,2,2,1,2,3,5,4
2256,1,2,2,1,2,2,5,5
2257,4,4,2,5,2,4,5,3
2258,1,1,3,2,2,2,5,5
2259,1,2,2,1,2,2,5,5
2260,1,3,3,1,2,2,5,5
2261,2,2,2,1,2,2,4,5
2262,1,1,1,3,5,5,1,3
2263,1,2,2,1,2,2,5,5
2264,1,2,2,1,3,2,4,5
2265,2,2,2,1,2,2,5,5
2266,1,2,2,1,2,2,5,5
2267,2,2,2,2,2,2,5,4
2268,2,2,2,1,2,2,4,5
2269,1,3,1,1,3,2,5,5
2270,1,2,2,2,2,2,5,4
2271,2,2,2,2,2,2,5,5
2272,4,3,5,3,4,5,2,4
2273,1,2,1,1,2,3,5,5
2274,1,1,2,1,2,2,5,5
2275,1,2,2,2,2,2,5,5
2276,5,3,5,3,1,1,5,3
2277,2,2,2,1,2,1,5,5
2278,1,2,1,1,2,2,5,5
2279,1,1,2,1,2,2,5,5
2280,1,2,2,1,3,3,5,5
2281,2,2,2,1,2,2,4,5
2282,2,5,4,2,4,2,1,4
2283,1,2,2,1,2,2,5,5
2284,1,2,2,1,2,3,5,5
2285,1,2,1,1,2,2,5,5
2286,1,2,2,1,3,2,5,5
2287,1,2,2,1,2,2,5,5
2288,1,2,1,1,2,2,5,5
2289,1,3,2,2,2,2,5,5
2290,2,3,2,1,2,2,4,4
2291,2,2,2,1,2,2,4,5
2292,1,2,2,1,2,2,5,5
2293,1,2,2,1,3,2,5,5
2294,1,2,2,2,2,2,5,5
2295,2,2,2,1,2,2,5,5
2296,1,2,2,1,2,2,5,5
2297,1,2,3,1,2,3,5,4
2298,1,2,1,1,2,2,5,4
2299,1,2,2,1,2,1,5,5
2300,2,2,2,1,2,2,5,4
2301,4,3,3,4,3,5,3,4
2302,1,2,2,1,2,3,5,5
2303,1,2,2,2,3,2,5,4
2304,1,2,2,1,3,2,5,5
2305,1,4,5,1,5,3,2,1
2306,2,2,1,1,2,2,5,5
2307,1,2,3,1,3,2,5,4
2308,2,2,2,1,2,3,5,4
2309,1,3,2,1,3,2,4,5
2310,2,2,2,1,2,3,5,5
2311,1,1,2,1,2,2,5,5
2312,1,1,1,1,3,2,5,5
2313,2,2,2,2,2,2,5,4
2314,1,2,2,1,2,3,5,5
2315,2,2,2,1,2,2,5,5
2316,1,2,2,1,3,2,4,4
2317,2,2,2,2,2,2,5,4
2318,2,3,3,1,2,2,5,5
2319,1,2,1,1,2,2,5,5
2320,1,2,1,1,2,2,5,5
2321,1,2,2,1,2,1,5,5
2322,1,1,1,1,2,2,5,4
2323,5,3,4,3,2,2,1,3
2324,1,1,2,2,2,2,5,5
2325,1,2,3,1,3,2,5,5
2326,5,4,3,4,1,1,3,2
2327,1,1,2,1,2,2,5,5
2328,5,2,5,4,1,2,5,1
2329,1,1,2,1,2,2,5,5
2330,1,2,2,1,2,2,5,5
2331,2,2,1,1,2,2,5,5
2332,1,2,2,1,2,2,5,4
2333,1,3,3,1,3,2,5,5
2334,1,3,3,2,2,2,5,5
2335,1,2,2,1,2,2,5,5
2336,3,1,5,1,3,4,1,5
2337,1,2,2,2,2,2,5,4
2338,1,2,2,2,2,2,5,4
2339,1,2,1,1,2,2,5,5
2340,1,2,2,1,2,2,5,5
2341,5,5,4,5,4,3,1,4
2342,1,2,2,1,2,2,5,5
2343,2,2,2,1,2,2,5,5
2344,1,2,2,1,2,2,4,5
2345,1,1,1,1,2,2,5,5
2346,1,2,2,2,3,2,5,5
2347,1,2,2,1,2,2,5,4
2348,1,2,2,1,2,2,5,5
2349,1,2,2,1,3,2,5,5
2350,1,1,2,1,3,2,4,5
2351,3,4,5,4,3,1,1,4
2352,1,2,2,1,3,2,5,5
2353,1,2,2,1,2,2,5,5
2354,1,2,3,1,2,2,5,5
2355,1,2,2,1,3,1,5,5
2356,1,2,2,1,2,3,5,5
2357,1,4,1,3,1,5,2,3
2358,1,2,2,4,1,1,5,1
2359,1,2,2,1,2,2,5,5
2360,2,2,1,1,2,2,5,5
2361,1,2,2,1,2,2,5,5
2362,1,2,2,1,2,2,5,5
2363,1,3,1,1,3,2,5,4
2364,3,4,4,3,1,4,3,2
2365,1,1,2,1,3,2,5,4
2366,5,5,3,5,4,2,3,5
2367,4,2,3,5,4,2,4,4
2368,1,1,2,1,2,2,5,5
2369,5,1,1,5,3,3,1,3
2370,1,1,2,4,3,1,3,5
2371,1,2,2,1,2,2,5,5
2372,1,2,2,1,3,1,5,5
2373,2,2,2,1,2,2,5,5
2374,1,1,2,2,2,2,5,4
2375,1,2,3,1,3,2,5,5
2376,1,2,2,1,3,2,5,4
2377,1,2,2,1,2,2,5,5
2378,1,2,3,1,2,2,5,5
2379,1,2,2,1,2,2,5,5
2380,1,2,2,1,2,3,5,5
2381,1,2,2,1,2,2,5,5
2382,1,2,2,1,2,2,5,5
2383,1,2,2,1,3,2,5,5
2384,1,3,2,2,2,2,5,4
2385,1,2,2,1,3,2,5,5
2386,1,2,2,2,2,3,5,4
2387,2,2,2,2,2,2,5,5
2388,1,2,2,2,2,2,5,4
2389,1,3,2,1,2,2,5,5
2390,2,1,1,1,1,4,4,3
2391,2,1,4,1,5,3,4,1
2392,1,1,2,1,2,2,5,5
2393,1,2,2,2,2,2,5,4
2394,1,2,2,1,2,1,5,5
2395,1,3,2,1,3,2,5,5
2396,1,1,2,1,3,2,4,5
2397,1,2,3,1,2,2,5,5
2398,1,1,2,2,2,2,4,4
2399,1,2,2,1,2,2,5,5
2400,4,2,2,2,5,1,2,4
2401,2,2,2,1,2,1,5,5
2402,1,2,1,2,2,2,5,5
2403,1,2,2,1,2,2,5,5
2404,4,5,3,4,1,2,3,5
2405,1,4,1,1,3,3,2,3
2406,1,2,2,1,2,2,5,5
2407,2,2,2,1,2,2,5,5
2408,1,3,2,2,3,2,5,4
2409,1,2,2,2,3,2,5,5
2410,2,2,1,2,2,2,5,5
2411,1,2,2,1,3,2,5,5
2412,1,2,2,1,2,2,5,5
2413,1,2,2,2,2,3,5,5
2414,1,2,2,1,2,2,5,4
2415,1,2,2,2,2,2,5,5
2416,1,2,1,1,2,2,5,5
2417,2,2,2,1,2,2,5,4
2418,1,2,1,2,2,2,5,5
2419,1,2,1,1,2,2,5,5
2420,2,2,1,1,2,3,5,5
2421,1,2,2,1,2,2,5,4
2422,2,2,2,1,5,2,3,5
2423,2,2,1,1,2,1,5,5
2424,1,1,2,1,3,2,5,5
2425,3,2,4,5,2,3,5,1
2426,1,2,2,1,2,2,5,5
2427,1,2,2,1,2,2,4,5
2428,3,4,4,5,3,4,4,5
2429,1,2,2,2,3,2,4,5
2430,2,2,2,2,2,2,5,4
2431,1,2,2,2,2,2,5,5
2432,2,2,2,2,2,2,5,5
2433,1,1,2,1,2,2,5,5
2434,1,2,2,1,2,2,5,5
2435,2,4,2,3,3,4,1,2
2436,1,2,2,1,2,2,5,4
2437,5,1,2,1,1,1,4,5
2438,3,4,1,2,1,4,2,5
2439,2,2,2,1,2,2,5,5
2440,1,2,2,1,3,1,4,5
2441,1,5,2,3,5,3,2,5
2442,1,1,2,1,3,2,5,4
2443,1,2,2,1,2,2,5,5
2444,1,2,2,1,3,2,5,5
2445,1,2,2,1,2,2,5,5
2446,1,1,1,2,2,2,5,4
2447,4,1,4,4,2,2,5,3
2448,1,3,3,4,3,4,1,5
2449,3,1,3,5,4,5,1,4
2450,1,2,2,1,2,2,5,5
2451,1,4,1,5,1,3,4,2
2452,1,2,2,1,2,2,5,5
2453,1,2,2,1,2,1,5,5
2454,1,1,2,1,2,2,5,5
2455,1,2,2,1,2,1,5,5
2456,1,2,2,2,2,2,5,5
2457,4,1,1,2,2,5,1,4
2458,1,2,3,1,2,2,5,5
2459,2,3,1,4,1,3,2,4
2460,1,2,2,1,3,1,4,5
2461,1,2,2,2,3,2,5,5
2462,1,2,3,1,2,2,5,5
2463,1,1,2,1,2,2,5,5
2464,1,2,5,2,4,3,3,2
2465,2,3,3,2,2,4,3,2
2466,1,2,2,1,3,2,5,5
2467,3,2,5,5,3,5,5,4
2468,1,2,2,1,2,3,5,5
2469,1,1,2,1,2,2,5,5
2470,1,2,2,1,2,3,5,5
2471,4,3,1,2,4,4,4,3
2472,1,2,2,1,3,2,4,4
2473,1,2,2,1,2,2,4,5
2474,2,2,2,1,2,2,5,5
2475,1,2,2,1,2,2,5,5
2476,4,5,1,3,4,5,5,1
2477,1,2,2,2,3,2,5,5
2478,3,5,3,1,1,5,1,1
2479,1,2,2,1,2,2,5,5
2480,1,2,1,1,2,2,5,5
2481,3,1,4,3,5,2,2,5
2482,1,2,2,1,2,2,5,5
2483,1,2,2,2,2,3,5,5
2484,1,2,2,1,2,2,5,5
2485,1,2,2,1,2,1,5,4
2486,1,2,1,1,3,3,5,5
2487,1,3,2,2,2,2,5,4
2488,2,2,2,1,2,2,5,5
2489,1,2,2,1,3,1,5,4
2490,1,1,1,1,2,2,5,5
2491,3,3,3,4,5,4,2,5
2492,2,2,2,1,2,2,5,4
2493,1,2,2,1,2,2,5,5
2494,2,1,2,1,2,2,5,5
2495,1,2,3,1,3,2,5,5
2496,1,2,2,1,2,3,5,4
2497,5,4,2,4,3,2,1,3
2498,1,2,2,1,3,2,4,5
2499,1,3,2,1,2,2,5,5
